8,Sun Dec  4 16:21:14 2022
8,Sun Dec  4 16:21:14 2022
8,Sun Dec  4 16:21:14 2022
8,Sun Dec  4 16:21:14 2022
8,Sun Dec  4 16:21:14 2022
8,Sun Dec  4 16:21:15 2022
8,Sun Dec  4 16:21:15 2022
8,Sun Dec  4 16:21:15 2022
8,Sun Dec  4 16:21:15 2022
8,Sun Dec  4 16:21:15 2022
8,Sun Dec  4 16:21:15 2022
8,Sun Dec  4 16:21:15 2022
8,Sun Dec  4 16:21:15 2022
8,Sun Dec  4 16:21:16 2022
8,Sun Dec  4 16:21:16 2022
8,Sun Dec  4 16:21:16 2022
8,Sun Dec  4 16:21:16 2022
8,Sun Dec  4 16:21:16 2022
8,Sun Dec  4 16:21:17 2022
8,Sun Dec  4 16:21:17 2022
8,Sun Dec  4 16:21:17 2022
8,Sun Dec  4 16:21:17 2022
8,Sun Dec  4 16:21:17 2022
8,Sun Dec  4 16:21:17 2022
8,Sun Dec  4 16:21:18 2022
8,Sun Dec  4 16:21:18 2022
8,Sun Dec  4 16:21:18 2022
8,Sun Dec  4 16:21:18 2022
8,Sun Dec  4 16:21:18 2022
8,Sun Dec  4 16:21:18 2022
8,Sun Dec  4 16:21:19 2022
8,Sun Dec  4 16:21:19 2022
8,Sun Dec  4 16:21:19 2022
8,Sun Dec  4 16:21:19 2022
8,Sun Dec  4 16:21:19 2022
8,Sun Dec  4 16:21:20 2022
8,Sun Dec  4 16:21:20 2022
8,Sun Dec  4 16:21:20 2022
8,Sun Dec  4 16:21:20 2022
8,Sun Dec  4 16:21:20 2022
8,Sun Dec  4 16:21:20 2022
8,Sun Dec  4 16:21:21 2022
8,Sun Dec  4 16:21:21 2022
8,Sun Dec  4 16:21:21 2022
8,Sun Dec  4 16:21:21 2022
8,Sun Dec  4 16:21:21 2022
8,Sun Dec  4 16:21:22 2022
8,Sun Dec  4 16:21:22 2022
8,Sun Dec  4 16:21:22 2022
8,Sun Dec  4 16:21:22 2022
8,Sun Dec  4 16:21:22 2022
8,Sun Dec  4 16:21:22 2022
8,Sun Dec  4 16:21:23 2022
8,Sun Dec  4 16:21:23 2022
8,Sun Dec  4 16:21:23 2022
8,Sun Dec  4 16:21:23 2022
8,Sun Dec  4 16:21:23 2022
8,Sun Dec  4 16:21:23 2022
8,Sun Dec  4 16:21:24 2022
8,Sun Dec  4 16:21:24 2022
8,Sun Dec  4 16:21:24 2022
8,Sun Dec  4 16:21:24 2022
8,Sun Dec  4 16:21:24 2022
8,Sun Dec  4 16:21:25 2022
8,Sun Dec  4 16:21:25 2022
8,Sun Dec  4 16:21:25 2022
8,Sun Dec  4 16:21:25 2022
8,Sun Dec  4 16:21:25 2022
8,Sun Dec  4 16:21:26 2022
8,Sun Dec  4 16:21:26 2022
8,Sun Dec  4 16:21:26 2022
8,Sun Dec  4 16:21:26 2022
8,Sun Dec  4 16:21:26 2022
8,Sun Dec  4 16:21:26 2022
8,Sun Dec  4 16:21:27 2022
8,Sun Dec  4 16:21:27 2022
8,Sun Dec  4 16:21:27 2022
8,Sun Dec  4 16:21:27 2022
8,Sun Dec  4 16:21:27 2022
8,Sun Dec  4 16:21:27 2022
8,Sun Dec  4 16:21:28 2022
8,Sun Dec  4 16:21:28 2022
8,Sun Dec  4 16:21:28 2022
8,Sun Dec  4 16:21:28 2022
8,Sun Dec  4 16:21:28 2022
8,Sun Dec  4 16:21:29 2022
8,Sun Dec  4 16:21:29 2022
8,Sun Dec  4 16:21:29 2022
8,Sun Dec  4 16:21:29 2022
8,Sun Dec  4 16:21:29 2022
8,Sun Dec  4 16:21:29 2022
8,Sun Dec  4 16:21:30 2022
8,Sun Dec  4 16:21:30 2022
8,Sun Dec  4 16:21:30 2022
8,Sun Dec  4 16:21:30 2022
8,Sun Dec  4 16:21:30 2022
8,Sun Dec  4 16:21:31 2022
8,Sun Dec  4 16:21:31 2022
8,Sun Dec  4 16:21:31 2022
8,Sun Dec  4 16:21:31 2022
8,Sun Dec  4 16:21:31 2022
8,Sun Dec  4 16:21:31 2022
8,Sun Dec  4 16:21:32 2022
8,Sun Dec  4 16:21:32 2022
8,Sun Dec  4 16:21:32 2022
8,Sun Dec  4 16:21:32 2022
8,Sun Dec  4 16:21:32 2022
8,Sun Dec  4 16:21:32 2022
8,Sun Dec  4 16:21:33 2022
8,Sun Dec  4 16:21:33 2022
8,Sun Dec  4 16:21:33 2022
8,Sun Dec  4 16:21:33 2022
8,Sun Dec  4 16:21:33 2022
8,Sun Dec  4 16:21:34 2022
8,Sun Dec  4 16:21:34 2022
8,Sun Dec  4 16:21:34 2022
8,Sun Dec  4 16:21:34 2022
8,Sun Dec  4 16:21:34 2022
8,Sun Dec  4 16:21:34 2022
8,Sun Dec  4 16:21:35 2022
8,Sun Dec  4 16:21:35 2022
8,Sun Dec  4 16:21:35 2022
8,Sun Dec  4 16:21:35 2022
8,Sun Dec  4 16:21:35 2022
8,Sun Dec  4 16:21:35 2022
8,Sun Dec  4 16:21:36 2022
8,Sun Dec  4 16:21:36 2022
8,Sun Dec  4 16:21:36 2022
8,Sun Dec  4 16:21:36 2022
8,Sun Dec  4 16:21:36 2022
8,Sun Dec  4 16:21:36 2022
8,Sun Dec  4 16:21:37 2022
8,Sun Dec  4 16:21:37 2022
8,Sun Dec  4 16:21:37 2022
8,Sun Dec  4 16:21:37 2022
8,Sun Dec  4 16:21:37 2022
4,Sun Dec  4 16:21:38 2022
8,Sun Dec  4 16:21:38 2022
4,Sun Dec  4 16:21:38 2022
4,Sun Dec  4 16:21:38 2022
4,Sun Dec  4 16:21:38 2022
4,Sun Dec  4 16:21:38 2022
4,Sun Dec  4 16:21:39 2022
4,Sun Dec  4 16:21:39 2022
4,Sun Dec  4 16:21:39 2022
4,Sun Dec  4 16:21:39 2022
4,Sun Dec  4 16:21:39 2022
4,Sun Dec  4 16:21:39 2022
4,Sun Dec  4 16:21:40 2022
4,Sun Dec  4 16:21:40 2022
4,Sun Dec  4 16:21:40 2022
4,Sun Dec  4 16:21:40 2022
4,Sun Dec  4 16:21:40 2022
4,Sun Dec  4 16:21:40 2022
4,Sun Dec  4 16:21:41 2022
4,Sun Dec  4 16:21:41 2022
4,Sun Dec  4 16:21:41 2022
4,Sun Dec  4 16:21:41 2022
4,Sun Dec  4 16:21:41 2022
4,Sun Dec  4 16:21:42 2022
4,Sun Dec  4 16:21:42 2022
4,Sun Dec  4 16:21:42 2022
4,Sun Dec  4 16:21:42 2022
4,Sun Dec  4 16:21:42 2022
4,Sun Dec  4 16:21:42 2022
4,Sun Dec  4 16:21:43 2022
4,Sun Dec  4 16:21:47 2022
4,Sun Dec  4 16:21:48 2022
4,Sun Dec  4 16:21:48 2022
6,Sun Dec  4 16:21:48 2022
4,Sun Dec  4 16:21:48 2022
6,Sun Dec  4 16:21:48 2022
4,Sun Dec  4 16:21:48 2022
4,Sun Dec  4 16:21:48 2022
4,Sun Dec  4 16:21:48 2022
4,Sun Dec  4 16:21:49 2022
4,Sun Dec  4 16:21:49 2022
4,Sun Dec  4 16:21:49 2022
4,Sun Dec  4 16:21:49 2022
4,Sun Dec  4 16:21:49 2022
4,Sun Dec  4 16:21:50 2022
4,Sun Dec  4 16:21:50 2022
4,Sun Dec  4 16:21:50 2022
4,Sun Dec  4 16:21:50 2022
4,Sun Dec  4 16:21:50 2022
4,Sun Dec  4 16:21:50 2022
4,Sun Dec  4 16:21:51 2022
4,Sun Dec  4 16:21:51 2022
4,Sun Dec  4 16:21:51 2022
4,Sun Dec  4 16:21:51 2022
4,Sun Dec  4 16:21:51 2022
4,Sun Dec  4 16:21:51 2022
4,Sun Dec  4 16:21:52 2022
4,Sun Dec  4 16:21:52 2022
4,Sun Dec  4 16:21:52 2022
4,Sun Dec  4 16:21:52 2022
4,Sun Dec  4 16:21:52 2022
4,Sun Dec  4 16:21:52 2022
4,Sun Dec  4 16:21:52 2022
4,Sun Dec  4 16:21:52 2022
4,Sun Dec  4 16:21:52 2022
4,Sun Dec  4 16:21:53 2022
4,Sun Dec  4 16:21:53 2022
4,Sun Dec  4 16:21:53 2022
4,Sun Dec  4 16:21:53 2022
4,Sun Dec  4 16:21:53 2022
4,Sun Dec  4 16:21:53 2022
4,Sun Dec  4 16:21:53 2022
4,Sun Dec  4 16:21:53 2022
4,Sun Dec  4 16:21:53 2022
4,Sun Dec  4 16:21:53 2022
4,Sun Dec  4 16:21:53 2022
4,Sun Dec  4 16:21:53 2022
4,Sun Dec  4 16:21:54 2022
4,Sun Dec  4 16:21:54 2022
4,Sun Dec  4 16:21:54 2022
4,Sun Dec  4 16:21:54 2022
4,Sun Dec  4 16:21:54 2022
4,Sun Dec  4 16:21:54 2022
4,Sun Dec  4 16:21:54 2022
4,Sun Dec  4 16:21:54 2022
4,Sun Dec  4 16:21:54 2022
4,Sun Dec  4 16:21:54 2022
4,Sun Dec  4 16:21:54 2022
4,Sun Dec  4 16:21:54 2022
4,Sun Dec  4 16:21:55 2022
4,Sun Dec  4 16:21:55 2022
4,Sun Dec  4 16:21:55 2022
4,Sun Dec  4 16:21:55 2022
4,Sun Dec  4 16:21:55 2022
4,Sun Dec  4 16:21:55 2022
4,Sun Dec  4 16:21:55 2022
4,Sun Dec  4 16:21:55 2022
4,Sun Dec  4 16:21:55 2022
4,Sun Dec  4 16:21:55 2022
4,Sun Dec  4 16:21:55 2022
4,Sun Dec  4 16:21:55 2022
4,Sun Dec  4 16:21:56 2022
4,Sun Dec  4 16:21:56 2022
4,Sun Dec  4 16:21:56 2022
4,Sun Dec  4 16:21:56 2022
4,Sun Dec  4 16:21:56 2022
4,Sun Dec  4 16:21:56 2022
4,Sun Dec  4 16:21:56 2022
4,Sun Dec  4 16:21:56 2022
4,Sun Dec  4 16:21:56 2022
4,Sun Dec  4 16:21:56 2022
4,Sun Dec  4 16:21:57 2022
4,Sun Dec  4 16:21:57 2022
4,Sun Dec  4 16:21:57 2022
4,Sun Dec  4 16:21:57 2022
4,Sun Dec  4 16:21:57 2022
4,Sun Dec  4 16:21:57 2022
4,Sun Dec  4 16:21:57 2022
4,Sun Dec  4 16:21:57 2022
4,Sun Dec  4 16:21:57 2022
4,Sun Dec  4 16:21:57 2022
4,Sun Dec  4 16:21:57 2022
4,Sun Dec  4 16:21:57 2022
4,Sun Dec  4 16:21:58 2022
4,Sun Dec  4 16:21:58 2022
4,Sun Dec  4 16:21:58 2022
4,Sun Dec  4 16:21:58 2022
4,Sun Dec  4 16:21:58 2022
4,Sun Dec  4 16:21:58 2022
4,Sun Dec  4 16:21:58 2022
4,Sun Dec  4 16:21:58 2022
4,Sun Dec  4 16:21:58 2022
4,Sun Dec  4 16:21:58 2022
4,Sun Dec  4 16:21:59 2022
4,Sun Dec  4 16:21:59 2022
4,Sun Dec  4 16:21:59 2022
4,Sun Dec  4 16:21:59 2022
4,Sun Dec  4 16:21:59 2022
4,Sun Dec  4 16:21:59 2022
4,Sun Dec  4 16:21:59 2022
4,Sun Dec  4 16:21:59 2022
4,Sun Dec  4 16:21:59 2022
4,Sun Dec  4 16:21:59 2022
4,Sun Dec  4 16:22:00 2022
4,Sun Dec  4 16:22:00 2022
4,Sun Dec  4 16:22:00 2022
4,Sun Dec  4 16:22:00 2022
4,Sun Dec  4 16:22:00 2022
4,Sun Dec  4 16:22:00 2022
4,Sun Dec  4 16:22:00 2022
4,Sun Dec  4 16:22:00 2022
4,Sun Dec  4 16:22:00 2022
4,Sun Dec  4 16:22:00 2022
4,Sun Dec  4 16:22:00 2022
4,Sun Dec  4 16:22:01 2022
4,Sun Dec  4 16:22:01 2022
4,Sun Dec  4 16:22:01 2022
4,Sun Dec  4 16:22:01 2022
4,Sun Dec  4 16:22:01 2022
4,Sun Dec  4 16:22:01 2022
4,Sun Dec  4 16:22:01 2022
4,Sun Dec  4 16:22:01 2022
4,Sun Dec  4 16:22:01 2022
4,Sun Dec  4 16:22:01 2022
4,Sun Dec  4 16:22:01 2022
4,Sun Dec  4 16:22:02 2022
4,Sun Dec  4 16:22:02 2022
4,Sun Dec  4 16:22:02 2022
4,Sun Dec  4 16:22:02 2022
4,Sun Dec  4 16:22:02 2022
4,Sun Dec  4 16:22:02 2022
4,Sun Dec  4 16:22:02 2022
4,Sun Dec  4 16:22:02 2022
4,Sun Dec  4 16:22:02 2022
4,Sun Dec  4 16:22:02 2022
4,Sun Dec  4 16:22:03 2022
4,Sun Dec  4 16:22:03 2022
4,Sun Dec  4 16:22:03 2022
4,Sun Dec  4 16:22:03 2022
4,Sun Dec  4 16:22:03 2022
4,Sun Dec  4 16:22:03 2022
4,Sun Dec  4 16:22:03 2022
4,Sun Dec  4 16:22:03 2022
4,Sun Dec  4 16:22:03 2022
4,Sun Dec  4 16:22:03 2022
4,Sun Dec  4 16:22:04 2022
4,Sun Dec  4 16:22:04 2022
4,Sun Dec  4 16:22:04 2022
4,Sun Dec  4 16:22:04 2022
4,Sun Dec  4 16:22:04 2022
4,Sun Dec  4 16:22:04 2022
4,Sun Dec  4 16:22:04 2022
4,Sun Dec  4 16:22:04 2022
4,Sun Dec  4 16:22:05 2022
4,Sun Dec  4 16:22:05 2022
4,Sun Dec  4 16:22:05 2022
4,Sun Dec  4 16:22:05 2022
4,Sun Dec  4 16:22:05 2022
4,Sun Dec  4 16:22:05 2022
4,Sun Dec  4 16:22:05 2022
4,Sun Dec  4 16:22:05 2022
4,Sun Dec  4 16:22:05 2022
4,Sun Dec  4 16:22:05 2022
4,Sun Dec  4 16:22:06 2022
4,Sun Dec  4 16:22:06 2022
4,Sun Dec  4 16:22:06 2022
4,Sun Dec  4 16:22:06 2022
4,Sun Dec  4 16:22:06 2022
4,Sun Dec  4 16:22:06 2022
4,Sun Dec  4 16:22:06 2022
4,Sun Dec  4 16:22:06 2022
4,Sun Dec  4 16:22:06 2022
4,Sun Dec  4 16:22:06 2022
4,Sun Dec  4 16:22:07 2022
4,Sun Dec  4 16:22:07 2022
4,Sun Dec  4 16:22:07 2022
6,Sun Dec  4 16:22:07 2022
4,Sun Dec  4 16:22:07 2022
4,Sun Dec  4 16:22:07 2022
4,Sun Dec  4 16:22:07 2022
4,Sun Dec  4 16:22:08 2022
4,Sun Dec  4 16:22:08 2022
4,Sun Dec  4 16:22:08 2022
4,Sun Dec  4 16:22:08 2022
4,Sun Dec  4 16:22:08 2022
4,Sun Dec  4 16:22:08 2022
4,Sun Dec  4 16:22:08 2022
4,Sun Dec  4 16:22:08 2022
4,Sun Dec  4 16:22:08 2022
4,Sun Dec  4 16:22:08 2022
4,Sun Dec  4 16:22:09 2022
4,Sun Dec  4 16:22:09 2022
4,Sun Dec  4 16:22:09 2022
4,Sun Dec  4 16:22:09 2022
4,Sun Dec  4 16:22:10 2022
4,Sun Dec  4 16:22:10 2022
4,Sun Dec  4 16:22:10 2022
4,Sun Dec  4 16:22:10 2022
4,Sun Dec  4 16:22:11 2022
4,Sun Dec  4 16:22:11 2022
4,Sun Dec  4 16:22:11 2022
4,Sun Dec  4 16:22:11 2022
4,Sun Dec  4 16:22:11 2022
4,Sun Dec  4 16:22:12 2022
4,Sun Dec  4 16:22:12 2022
4,Sun Dec  4 16:22:12 2022
4,Sun Dec  4 16:22:12 2022
4,Sun Dec  4 16:22:12 2022
4,Sun Dec  4 16:22:13 2022
4,Sun Dec  4 16:22:13 2022
4,Sun Dec  4 16:22:13 2022
4,Sun Dec  4 16:22:13 2022
4,Sun Dec  4 16:22:14 2022
4,Sun Dec  4 16:22:14 2022
4,Sun Dec  4 16:22:14 2022
4,Sun Dec  4 16:22:14 2022
8,Sun Dec  4 16:22:14 2022
8,Sun Dec  4 16:22:15 2022
8,Sun Dec  4 16:22:15 2022
4,Sun Dec  4 16:22:15 2022
4,Sun Dec  4 16:22:15 2022
4,Sun Dec  4 16:22:16 2022
4,Sun Dec  4 16:22:16 2022
4,Sun Dec  4 16:22:16 2022
4,Sun Dec  4 16:22:16 2022
4,Sun Dec  4 16:22:16 2022
4,Sun Dec  4 16:22:17 2022
4,Sun Dec  4 16:22:17 2022
4,Sun Dec  4 16:22:17 2022
8,Sun Dec  4 16:22:17 2022
8,Sun Dec  4 16:22:17 2022
8,Sun Dec  4 16:22:18 2022
8,Sun Dec  4 16:22:18 2022
8,Sun Dec  4 16:22:18 2022
8,Sun Dec  4 16:22:18 2022
8,Sun Dec  4 16:22:18 2022
8,Sun Dec  4 16:22:18 2022
8,Sun Dec  4 16:22:19 2022
8,Sun Dec  4 16:22:19 2022
8,Sun Dec  4 16:22:19 2022
4,Sun Dec  4 16:22:19 2022
8,Sun Dec  4 16:22:19 2022
8,Sun Dec  4 16:22:19 2022
8,Sun Dec  4 16:22:20 2022
8,Sun Dec  4 16:22:20 2022
8,Sun Dec  4 16:22:20 2022
8,Sun Dec  4 16:22:20 2022
8,Sun Dec  4 16:22:20 2022
8,Sun Dec  4 16:22:21 2022
4,Sun Dec  4 16:22:21 2022
8,Sun Dec  4 16:22:21 2022
8,Sun Dec  4 16:22:21 2022
8,Sun Dec  4 16:22:21 2022
4,Sun Dec  4 16:22:21 2022
4,Sun Dec  4 16:22:22 2022
4,Sun Dec  4 16:22:22 2022
4,Sun Dec  4 16:22:22 2022
4,Sun Dec  4 16:22:22 2022
8,Sun Dec  4 16:22:22 2022
8,Sun Dec  4 16:22:22 2022
4,Sun Dec  4 16:22:23 2022
8,Sun Dec  4 16:22:23 2022
4,Sun Dec  4 16:22:23 2022
1,Sun Dec  4 16:22:23 2022
8,Sun Dec  4 16:22:23 2022
8,Sun Dec  4 16:22:23 2022
8,Sun Dec  4 16:22:24 2022
8,Sun Dec  4 16:22:24 2022
8,Sun Dec  4 16:22:24 2022
8,Sun Dec  4 16:22:24 2022
8,Sun Dec  4 16:22:24 2022
8,Sun Dec  4 16:22:25 2022
8,Sun Dec  4 16:22:25 2022
8,Sun Dec  4 16:22:25 2022
4,Sun Dec  4 16:22:25 2022
4,Sun Dec  4 16:22:25 2022
4,Sun Dec  4 16:22:25 2022
8,Sun Dec  4 16:22:26 2022
8,Sun Dec  4 16:22:26 2022
8,Sun Dec  4 16:22:26 2022
8,Sun Dec  4 16:22:26 2022
4,Sun Dec  4 16:22:26 2022
8,Sun Dec  4 16:22:26 2022
8,Sun Dec  4 16:22:27 2022
4,Sun Dec  4 16:22:27 2022
8,Sun Dec  4 16:22:27 2022
8,Sun Dec  4 16:22:27 2022
8,Sun Dec  4 16:22:27 2022
8,Sun Dec  4 16:22:28 2022
8,Sun Dec  4 16:22:28 2022
8,Sun Dec  4 16:22:28 2022
8,Sun Dec  4 16:22:28 2022
8,Sun Dec  4 16:22:28 2022
8,Sun Dec  4 16:22:29 2022
4,Sun Dec  4 16:22:29 2022
4,Sun Dec  4 16:22:29 2022
8,Sun Dec  4 16:22:29 2022
4,Sun Dec  4 16:22:29 2022
8,Sun Dec  4 16:22:29 2022
8,Sun Dec  4 16:22:30 2022
8,Sun Dec  4 16:22:30 2022
8,Sun Dec  4 16:22:30 2022
8,Sun Dec  4 16:22:30 2022
4,Sun Dec  4 16:22:30 2022
8,Sun Dec  4 16:22:30 2022
4,Sun Dec  4 16:22:31 2022
8,Sun Dec  4 16:22:31 2022
8,Sun Dec  4 16:22:31 2022
4,Sun Dec  4 16:22:31 2022
8,Sun Dec  4 16:22:31 2022
8,Sun Dec  4 16:22:32 2022
8,Sun Dec  4 16:22:32 2022
8,Sun Dec  4 16:22:32 2022
8,Sun Dec  4 16:22:32 2022
8,Sun Dec  4 16:22:32 2022
8,Sun Dec  4 16:22:32 2022
8,Sun Dec  4 16:22:33 2022
4,Sun Dec  4 16:22:33 2022
4,Sun Dec  4 16:22:33 2022
8,Sun Dec  4 16:22:33 2022
8,Sun Dec  4 16:22:33 2022
4,Sun Dec  4 16:22:33 2022
8,Sun Dec  4 16:22:34 2022
8,Sun Dec  4 16:22:34 2022
8,Sun Dec  4 16:22:34 2022
8,Sun Dec  4 16:22:34 2022
8,Sun Dec  4 16:22:34 2022
8,Sun Dec  4 16:22:34 2022
8,Sun Dec  4 16:22:35 2022
8,Sun Dec  4 16:22:35 2022
8,Sun Dec  4 16:22:35 2022
8,Sun Dec  4 16:22:35 2022
8,Sun Dec  4 16:22:35 2022
8,Sun Dec  4 16:22:35 2022
8,Sun Dec  4 16:22:36 2022
8,Sun Dec  4 16:22:36 2022
8,Sun Dec  4 16:22:36 2022
8,Sun Dec  4 16:22:36 2022
8,Sun Dec  4 16:22:36 2022
8,Sun Dec  4 16:22:37 2022
8,Sun Dec  4 16:22:37 2022
8,Sun Dec  4 16:22:37 2022
4,Sun Dec  4 16:22:37 2022
8,Sun Dec  4 16:22:37 2022
8,Sun Dec  4 16:22:38 2022
8,Sun Dec  4 16:22:38 2022
8,Sun Dec  4 16:22:38 2022
8,Sun Dec  4 16:22:38 2022
8,Sun Dec  4 16:22:38 2022
8,Sun Dec  4 16:22:38 2022
8,Sun Dec  4 16:22:39 2022
8,Sun Dec  4 16:22:39 2022
8,Sun Dec  4 16:22:39 2022
8,Sun Dec  4 16:22:39 2022
4,Sun Dec  4 16:22:39 2022
4,Sun Dec  4 16:22:39 2022
4,Sun Dec  4 16:22:40 2022
4,Sun Dec  4 16:22:40 2022
4,Sun Dec  4 16:22:40 2022
8,Sun Dec  4 16:22:40 2022
8,Sun Dec  4 16:22:40 2022
8,Sun Dec  4 16:22:40 2022
8,Sun Dec  4 16:22:41 2022
8,Sun Dec  4 16:22:41 2022
8,Sun Dec  4 16:22:41 2022
8,Sun Dec  4 16:22:41 2022
8,Sun Dec  4 16:22:41 2022
8,Sun Dec  4 16:22:42 2022
4,Sun Dec  4 16:22:42 2022
8,Sun Dec  4 16:22:42 2022
8,Sun Dec  4 16:22:42 2022
8,Sun Dec  4 16:22:42 2022
8,Sun Dec  4 16:22:43 2022
4,Sun Dec  4 16:22:43 2022
8,Sun Dec  4 16:22:43 2022
8,Sun Dec  4 16:22:43 2022
8,Sun Dec  4 16:22:43 2022
8,Sun Dec  4 16:22:43 2022
8,Sun Dec  4 16:22:44 2022
8,Sun Dec  4 16:22:44 2022
8,Sun Dec  4 16:22:44 2022
4,Sun Dec  4 16:22:44 2022
8,Sun Dec  4 16:22:44 2022
8,Sun Dec  4 16:22:45 2022
8,Sun Dec  4 16:22:45 2022
8,Sun Dec  4 16:22:45 2022
8,Sun Dec  4 16:22:45 2022
8,Sun Dec  4 16:22:45 2022
8,Sun Dec  4 16:22:45 2022
8,Sun Dec  4 16:22:46 2022
8,Sun Dec  4 16:22:46 2022
8,Sun Dec  4 16:22:46 2022
8,Sun Dec  4 16:22:46 2022
8,Sun Dec  4 16:22:46 2022
8,Sun Dec  4 16:22:47 2022
4,Sun Dec  4 16:22:47 2022
8,Sun Dec  4 16:22:47 2022
8,Sun Dec  4 16:22:47 2022
8,Sun Dec  4 16:22:47 2022
8,Sun Dec  4 16:22:47 2022
8,Sun Dec  4 16:22:48 2022
8,Sun Dec  4 16:22:48 2022
8,Sun Dec  4 16:22:48 2022
8,Sun Dec  4 16:22:48 2022
8,Sun Dec  4 16:22:48 2022
8,Sun Dec  4 16:22:48 2022
8,Sun Dec  4 16:22:49 2022
8,Sun Dec  4 16:22:49 2022
8,Sun Dec  4 16:22:49 2022
8,Sun Dec  4 16:22:49 2022
8,Sun Dec  4 16:22:49 2022
8,Sun Dec  4 16:22:49 2022
4,Sun Dec  4 16:22:50 2022
8,Sun Dec  4 16:22:50 2022
8,Sun Dec  4 16:22:50 2022
4,Sun Dec  4 16:22:50 2022
8,Sun Dec  4 16:22:50 2022
8,Sun Dec  4 16:22:51 2022
8,Sun Dec  4 16:22:51 2022
8,Sun Dec  4 16:22:51 2022
8,Sun Dec  4 16:22:51 2022
4,Sun Dec  4 16:22:51 2022
4,Sun Dec  4 16:22:51 2022
8,Sun Dec  4 16:22:52 2022
8,Sun Dec  4 16:22:52 2022
8,Sun Dec  4 16:22:52 2022
8,Sun Dec  4 16:22:52 2022
4,Sun Dec  4 16:22:52 2022
8,Sun Dec  4 16:22:52 2022
8,Sun Dec  4 16:22:53 2022
8,Sun Dec  4 16:22:53 2022
8,Sun Dec  4 16:22:53 2022
8,Sun Dec  4 16:22:53 2022
4,Sun Dec  4 16:22:53 2022
8,Sun Dec  4 16:22:54 2022
8,Sun Dec  4 16:22:54 2022
8,Sun Dec  4 16:22:54 2022
8,Sun Dec  4 16:22:54 2022
4,Sun Dec  4 16:22:54 2022
8,Sun Dec  4 16:22:54 2022
4,Sun Dec  4 16:22:55 2022
8,Sun Dec  4 16:22:55 2022
4,Sun Dec  4 16:22:55 2022
8,Sun Dec  4 16:22:55 2022
8,Sun Dec  4 16:22:55 2022
8,Sun Dec  4 16:22:55 2022
8,Sun Dec  4 16:22:56 2022
8,Sun Dec  4 16:22:56 2022
8,Sun Dec  4 16:22:56 2022
8,Sun Dec  4 16:22:56 2022
8,Sun Dec  4 16:22:56 2022
1,Sun Dec  4 16:22:56 2022
8,Sun Dec  4 16:22:56 2022
8,Sun Dec  4 16:22:56 2022
8,Sun Dec  4 16:22:56 2022
8,Sun Dec  4 16:22:56 2022
4,Sun Dec  4 16:22:57 2022
1,Sun Dec  4 16:22:57 2022
8,Sun Dec  4 16:22:57 2022
1,Sun Dec  4 16:22:57 2022
1,Sun Dec  4 16:22:57 2022
8,Sun Dec  4 16:22:57 2022
8,Sun Dec  4 16:22:57 2022
1,Sun Dec  4 16:22:57 2022
1,Sun Dec  4 16:22:57 2022
8,Sun Dec  4 16:22:57 2022
8,Sun Dec  4 16:22:57 2022
8,Sun Dec  4 16:22:57 2022
8,Sun Dec  4 16:22:57 2022
1,Sun Dec  4 16:22:57 2022
8,Sun Dec  4 16:22:58 2022
8,Sun Dec  4 16:22:58 2022
8,Sun Dec  4 16:22:58 2022
1,Sun Dec  4 16:22:58 2022
8,Sun Dec  4 16:22:58 2022
1,Sun Dec  4 16:22:58 2022
8,Sun Dec  4 16:22:58 2022
4,Sun Dec  4 16:22:58 2022
8,Sun Dec  4 16:22:58 2022
1,Sun Dec  4 16:22:58 2022
8,Sun Dec  4 16:22:59 2022
1,Sun Dec  4 16:22:59 2022
8,Sun Dec  4 16:22:59 2022
8,Sun Dec  4 16:22:59 2022
8,Sun Dec  4 16:22:59 2022
1,Sun Dec  4 16:22:59 2022
8,Sun Dec  4 16:22:59 2022
8,Sun Dec  4 16:22:59 2022
4,Sun Dec  4 16:22:59 2022
8,Sun Dec  4 16:22:59 2022
8,Sun Dec  4 16:23:00 2022
8,Sun Dec  4 16:23:00 2022
8,Sun Dec  4 16:23:00 2022
8,Sun Dec  4 16:23:00 2022
8,Sun Dec  4 16:23:00 2022
1,Sun Dec  4 16:23:00 2022
8,Sun Dec  4 16:23:00 2022
1,Sun Dec  4 16:23:00 2022
8,Sun Dec  4 16:23:00 2022
1,Sun Dec  4 16:23:00 2022
8,Sun Dec  4 16:23:01 2022
8,Sun Dec  4 16:23:01 2022
8,Sun Dec  4 16:23:01 2022
8,Sun Dec  4 16:23:01 2022
8,Sun Dec  4 16:23:01 2022
8,Sun Dec  4 16:23:01 2022
8,Sun Dec  4 16:23:01 2022
8,Sun Dec  4 16:23:01 2022
8,Sun Dec  4 16:23:02 2022
8,Sun Dec  4 16:23:02 2022
8,Sun Dec  4 16:23:02 2022
8,Sun Dec  4 16:23:02 2022
8,Sun Dec  4 16:23:02 2022
8,Sun Dec  4 16:23:02 2022
1,Sun Dec  4 16:23:02 2022
8,Sun Dec  4 16:23:03 2022
1,Sun Dec  4 16:23:03 2022
8,Sun Dec  4 16:23:03 2022
4,Sun Dec  4 16:23:03 2022
1,Sun Dec  4 16:23:03 2022
8,Sun Dec  4 16:23:03 2022
8,Sun Dec  4 16:23:03 2022
1,Sun Dec  4 16:23:03 2022
8,Sun Dec  4 16:23:03 2022
1,Sun Dec  4 16:23:03 2022
8,Sun Dec  4 16:23:03 2022
8,Sun Dec  4 16:23:04 2022
8,Sun Dec  4 16:23:04 2022
8,Sun Dec  4 16:23:04 2022
1,Sun Dec  4 16:23:04 2022
8,Sun Dec  4 16:23:04 2022
8,Sun Dec  4 16:23:04 2022
8,Sun Dec  4 16:23:04 2022
1,Sun Dec  4 16:23:04 2022
8,Sun Dec  4 16:23:04 2022
8,Sun Dec  4 16:23:04 2022
8,Sun Dec  4 16:23:04 2022
8,Sun Dec  4 16:23:04 2022
1,Sun Dec  4 16:23:05 2022
8,Sun Dec  4 16:23:05 2022
8,Sun Dec  4 16:23:05 2022
8,Sun Dec  4 16:23:05 2022
8,Sun Dec  4 16:23:05 2022
8,Sun Dec  4 16:23:05 2022
12,Sun Dec  4 16:23:05 2022
8,Sun Dec  4 16:23:05 2022
8,Sun Dec  4 16:23:05 2022
1,Sun Dec  4 16:23:05 2022
8,Sun Dec  4 16:23:06 2022
1,Sun Dec  4 16:23:06 2022
1,Sun Dec  4 16:23:06 2022
8,Sun Dec  4 16:23:06 2022
8,Sun Dec  4 16:23:06 2022
1,Sun Dec  4 16:23:06 2022
8,Sun Dec  4 16:23:06 2022
8,Sun Dec  4 16:23:06 2022
8,Sun Dec  4 16:23:06 2022
8,Sun Dec  4 16:23:06 2022
1,Sun Dec  4 16:23:06 2022
8,Sun Dec  4 16:23:06 2022
8,Sun Dec  4 16:23:07 2022
8,Sun Dec  4 16:23:07 2022
1,Sun Dec  4 16:23:07 2022
1,Sun Dec  4 16:23:07 2022
8,Sun Dec  4 16:23:07 2022
8,Sun Dec  4 16:23:07 2022
1,Sun Dec  4 16:23:07 2022
8,Sun Dec  4 16:23:07 2022
8,Sun Dec  4 16:23:07 2022
1,Sun Dec  4 16:23:07 2022
8,Sun Dec  4 16:23:07 2022
8,Sun Dec  4 16:23:07 2022
1,Sun Dec  4 16:23:07 2022
8,Sun Dec  4 16:23:08 2022
8,Sun Dec  4 16:23:08 2022
1,Sun Dec  4 16:23:08 2022
8,Sun Dec  4 16:23:08 2022
8,Sun Dec  4 16:23:08 2022
8,Sun Dec  4 16:23:08 2022
8,Sun Dec  4 16:23:08 2022
8,Sun Dec  4 16:23:08 2022
8,Sun Dec  4 16:23:08 2022
1,Sun Dec  4 16:23:08 2022
8,Sun Dec  4 16:23:08 2022
1,Sun Dec  4 16:23:09 2022
8,Sun Dec  4 16:23:09 2022
1,Sun Dec  4 16:23:09 2022
8,Sun Dec  4 16:23:09 2022
1,Sun Dec  4 16:23:09 2022
8,Sun Dec  4 16:23:09 2022
1,Sun Dec  4 16:23:09 2022
8,Sun Dec  4 16:23:09 2022
1,Sun Dec  4 16:23:09 2022
8,Sun Dec  4 16:23:10 2022
8,Sun Dec  4 16:23:10 2022
8,Sun Dec  4 16:23:10 2022
8,Sun Dec  4 16:23:10 2022
8,Sun Dec  4 16:23:10 2022
8,Sun Dec  4 16:23:10 2022
8,Sun Dec  4 16:23:10 2022
8,Sun Dec  4 16:23:10 2022
8,Sun Dec  4 16:23:11 2022
1,Sun Dec  4 16:23:11 2022
8,Sun Dec  4 16:23:11 2022
8,Sun Dec  4 16:23:11 2022
8,Sun Dec  4 16:23:11 2022
1,Sun Dec  4 16:23:11 2022
8,Sun Dec  4 16:23:12 2022
1,Sun Dec  4 16:23:12 2022
8,Sun Dec  4 16:23:12 2022
1,Sun Dec  4 16:23:12 2022
4,Sun Dec  4 16:23:12 2022
8,Sun Dec  4 16:23:12 2022
8,Sun Dec  4 16:23:13 2022
8,Sun Dec  4 16:23:13 2022
8,Sun Dec  4 16:23:13 2022
8,Sun Dec  4 16:23:13 2022
8,Sun Dec  4 16:23:14 2022
1,Sun Dec  4 16:23:14 2022
8,Sun Dec  4 16:23:14 2022
8,Sun Dec  4 16:23:14 2022
8,Sun Dec  4 16:23:14 2022
8,Sun Dec  4 16:23:14 2022
8,Sun Dec  4 16:23:15 2022
9,Sun Dec  4 16:23:15 2022
8,Sun Dec  4 16:23:15 2022
8,Sun Dec  4 16:23:15 2022
8,Sun Dec  4 16:23:15 2022
8,Sun Dec  4 16:23:15 2022
8,Sun Dec  4 16:23:16 2022
8,Sun Dec  4 16:23:16 2022
8,Sun Dec  4 16:23:16 2022
8,Sun Dec  4 16:23:16 2022
8,Sun Dec  4 16:23:16 2022
8,Sun Dec  4 16:23:16 2022
8,Sun Dec  4 16:23:17 2022
8,Sun Dec  4 16:23:17 2022
8,Sun Dec  4 16:23:17 2022
8,Sun Dec  4 16:23:17 2022
8,Sun Dec  4 16:23:18 2022
8,Sun Dec  4 16:23:18 2022
8,Sun Dec  4 16:23:18 2022
8,Sun Dec  4 16:23:18 2022
8,Sun Dec  4 16:23:18 2022
8,Sun Dec  4 16:23:18 2022
8,Sun Dec  4 16:23:19 2022
8,Sun Dec  4 16:23:19 2022
8,Sun Dec  4 16:23:19 2022
9,Sun Dec  4 16:23:19 2022
8,Sun Dec  4 16:23:19 2022
8,Sun Dec  4 16:23:20 2022
8,Sun Dec  4 16:23:20 2022
8,Sun Dec  4 16:23:20 2022
8,Sun Dec  4 16:23:20 2022
1,Sun Dec  4 16:23:20 2022
8,Sun Dec  4 16:23:21 2022
8,Sun Dec  4 16:23:21 2022
8,Sun Dec  4 16:23:21 2022
8,Sun Dec  4 16:23:21 2022
4,Sun Dec  4 16:23:21 2022
4,Sun Dec  4 16:23:21 2022
8,Sun Dec  4 16:23:21 2022
8,Sun Dec  4 16:23:21 2022
8,Sun Dec  4 16:23:22 2022
8,Sun Dec  4 16:23:22 2022
1,Sun Dec  4 16:23:22 2022
8,Sun Dec  4 16:23:22 2022
1,Sun Dec  4 16:23:22 2022
8,Sun Dec  4 16:23:22 2022
8,Sun Dec  4 16:23:22 2022
8,Sun Dec  4 16:23:23 2022
8,Sun Dec  4 16:23:23 2022
8,Sun Dec  4 16:23:23 2022
8,Sun Dec  4 16:23:23 2022
8,Sun Dec  4 16:23:24 2022
8,Sun Dec  4 16:23:24 2022
8,Sun Dec  4 16:23:24 2022
8,Sun Dec  4 16:23:24 2022
8,Sun Dec  4 16:23:24 2022
8,Sun Dec  4 16:23:25 2022
8,Sun Dec  4 16:23:25 2022
1,Sun Dec  4 16:23:25 2022
8,Sun Dec  4 16:23:25 2022
1,Sun Dec  4 16:23:25 2022
8,Sun Dec  4 16:23:25 2022
8,Sun Dec  4 16:23:25 2022
8,Sun Dec  4 16:23:25 2022
8,Sun Dec  4 16:23:26 2022
8,Sun Dec  4 16:23:26 2022
8,Sun Dec  4 16:23:26 2022
8,Sun Dec  4 16:23:26 2022
8,Sun Dec  4 16:23:26 2022
8,Sun Dec  4 16:23:26 2022
8,Sun Dec  4 16:23:27 2022
8,Sun Dec  4 16:23:27 2022
8,Sun Dec  4 16:23:27 2022
8,Sun Dec  4 16:23:27 2022
8,Sun Dec  4 16:23:27 2022
8,Sun Dec  4 16:23:28 2022
8,Sun Dec  4 16:23:28 2022
8,Sun Dec  4 16:23:28 2022
8,Sun Dec  4 16:23:28 2022
1,Sun Dec  4 16:23:28 2022
8,Sun Dec  4 16:23:28 2022
8,Sun Dec  4 16:23:28 2022
1,Sun Dec  4 16:23:28 2022
8,Sun Dec  4 16:23:29 2022
8,Sun Dec  4 16:23:29 2022
1,Sun Dec  4 16:23:29 2022
8,Sun Dec  4 16:23:29 2022
1,Sun Dec  4 16:23:29 2022
8,Sun Dec  4 16:23:29 2022
8,Sun Dec  4 16:23:29 2022
8,Sun Dec  4 16:23:30 2022
1,Sun Dec  4 16:23:30 2022
8,Sun Dec  4 16:23:30 2022
1,Sun Dec  4 16:23:30 2022
8,Sun Dec  4 16:23:30 2022
8,Sun Dec  4 16:23:30 2022
1,Sun Dec  4 16:23:30 2022
8,Sun Dec  4 16:23:30 2022
9,Sun Dec  4 16:23:30 2022
8,Sun Dec  4 16:23:31 2022
8,Sun Dec  4 16:23:31 2022
8,Sun Dec  4 16:23:31 2022
8,Sun Dec  4 16:23:31 2022
8,Sun Dec  4 16:23:31 2022
8,Sun Dec  4 16:23:32 2022
8,Sun Dec  4 16:23:32 2022
8,Sun Dec  4 16:23:32 2022
1,Sun Dec  4 16:23:32 2022
8,Sun Dec  4 16:23:32 2022
8,Sun Dec  4 16:23:32 2022
1,Sun Dec  4 16:23:32 2022
8,Sun Dec  4 16:23:32 2022
8,Sun Dec  4 16:23:33 2022
8,Sun Dec  4 16:23:33 2022
8,Sun Dec  4 16:23:33 2022
8,Sun Dec  4 16:23:33 2022
8,Sun Dec  4 16:23:34 2022
8,Sun Dec  4 16:23:34 2022
4,Sun Dec  4 16:23:34 2022
8,Sun Dec  4 16:23:34 2022
8,Sun Dec  4 16:23:34 2022
8,Sun Dec  4 16:23:35 2022
8,Sun Dec  4 16:23:35 2022
8,Sun Dec  4 16:23:35 2022
8,Sun Dec  4 16:23:35 2022
8,Sun Dec  4 16:23:36 2022
8,Sun Dec  4 16:23:36 2022
8,Sun Dec  4 16:23:36 2022
8,Sun Dec  4 16:23:36 2022
8,Sun Dec  4 16:23:36 2022
8,Sun Dec  4 16:23:37 2022
8,Sun Dec  4 16:23:37 2022
8,Sun Dec  4 16:23:37 2022
8,Sun Dec  4 16:23:37 2022
8,Sun Dec  4 16:23:37 2022
8,Sun Dec  4 16:23:37 2022
8,Sun Dec  4 16:23:38 2022
8,Sun Dec  4 16:23:38 2022
8,Sun Dec  4 16:23:38 2022
8,Sun Dec  4 16:23:38 2022
8,Sun Dec  4 16:23:38 2022
4,Sun Dec  4 16:23:38 2022
8,Sun Dec  4 16:23:39 2022
8,Sun Dec  4 16:23:39 2022
8,Sun Dec  4 16:23:39 2022
8,Sun Dec  4 16:23:39 2022
8,Sun Dec  4 16:23:39 2022
4,Sun Dec  4 16:23:40 2022
8,Sun Dec  4 16:23:40 2022
8,Sun Dec  4 16:23:40 2022
8,Sun Dec  4 16:23:40 2022
8,Sun Dec  4 16:23:40 2022
8,Sun Dec  4 16:23:40 2022
4,Sun Dec  4 16:23:41 2022
8,Sun Dec  4 16:23:41 2022
8,Sun Dec  4 16:23:41 2022
8,Sun Dec  4 16:23:41 2022
8,Sun Dec  4 16:23:41 2022
8,Sun Dec  4 16:23:41 2022
8,Sun Dec  4 16:23:42 2022
8,Sun Dec  4 16:23:42 2022
8,Sun Dec  4 16:23:42 2022
4,Sun Dec  4 16:23:42 2022
8,Sun Dec  4 16:23:42 2022
8,Sun Dec  4 16:23:42 2022
8,Sun Dec  4 16:23:43 2022
8,Sun Dec  4 16:23:43 2022
8,Sun Dec  4 16:23:43 2022
8,Sun Dec  4 16:23:43 2022
8,Sun Dec  4 16:23:43 2022
8,Sun Dec  4 16:23:43 2022
8,Sun Dec  4 16:23:44 2022
8,Sun Dec  4 16:23:44 2022
8,Sun Dec  4 16:23:44 2022
8,Sun Dec  4 16:23:44 2022
8,Sun Dec  4 16:23:44 2022
8,Sun Dec  4 16:23:45 2022
4,Sun Dec  4 16:23:45 2022
4,Sun Dec  4 16:23:45 2022
8,Sun Dec  4 16:23:45 2022
1,Sun Dec  4 16:23:45 2022
8,Sun Dec  4 16:23:45 2022
8,Sun Dec  4 16:23:46 2022
8,Sun Dec  4 16:23:46 2022
4,Sun Dec  4 16:23:46 2022
8,Sun Dec  4 16:23:46 2022
1,Sun Dec  4 16:23:46 2022
8,Sun Dec  4 16:23:46 2022
8,Sun Dec  4 16:23:47 2022
4,Sun Dec  4 16:23:47 2022
4,Sun Dec  4 16:23:47 2022
8,Sun Dec  4 16:23:47 2022
8,Sun Dec  4 16:23:47 2022
8,Sun Dec  4 16:23:47 2022
8,Sun Dec  4 16:23:48 2022
8,Sun Dec  4 16:23:48 2022
4,Sun Dec  4 16:23:48 2022
8,Sun Dec  4 16:23:48 2022
8,Sun Dec  4 16:23:48 2022
8,Sun Dec  4 16:23:49 2022
8,Sun Dec  4 16:23:49 2022
8,Sun Dec  4 16:23:49 2022
8,Sun Dec  4 16:23:49 2022
8,Sun Dec  4 16:23:49 2022
1,Sun Dec  4 16:23:49 2022
8,Sun Dec  4 16:23:50 2022
8,Sun Dec  4 16:23:50 2022
8,Sun Dec  4 16:23:50 2022
8,Sun Dec  4 16:23:50 2022
8,Sun Dec  4 16:23:50 2022
8,Sun Dec  4 16:23:50 2022
8,Sun Dec  4 16:23:51 2022
8,Sun Dec  4 16:23:51 2022
8,Sun Dec  4 16:23:51 2022
8,Sun Dec  4 16:23:51 2022
8,Sun Dec  4 16:23:51 2022
8,Sun Dec  4 16:23:52 2022
8,Sun Dec  4 16:23:52 2022
8,Sun Dec  4 16:23:52 2022
8,Sun Dec  4 16:23:52 2022
8,Sun Dec  4 16:23:52 2022
8,Sun Dec  4 16:23:52 2022
8,Sun Dec  4 16:23:53 2022
8,Sun Dec  4 16:23:53 2022
8,Sun Dec  4 16:23:53 2022
8,Sun Dec  4 16:23:53 2022
8,Sun Dec  4 16:23:53 2022
8,Sun Dec  4 16:23:53 2022
8,Sun Dec  4 16:23:54 2022
8,Sun Dec  4 16:23:54 2022
8,Sun Dec  4 16:23:54 2022
8,Sun Dec  4 16:23:54 2022
8,Sun Dec  4 16:23:54 2022
8,Sun Dec  4 16:23:55 2022
8,Sun Dec  4 16:23:55 2022
8,Sun Dec  4 16:23:55 2022
8,Sun Dec  4 16:23:55 2022
8,Sun Dec  4 16:23:55 2022
8,Sun Dec  4 16:23:55 2022
8,Sun Dec  4 16:23:56 2022
8,Sun Dec  4 16:23:56 2022
8,Sun Dec  4 16:23:56 2022
8,Sun Dec  4 16:23:56 2022
8,Sun Dec  4 16:23:56 2022
8,Sun Dec  4 16:23:56 2022
8,Sun Dec  4 16:23:57 2022
4,Sun Dec  4 16:23:57 2022
4,Sun Dec  4 16:23:57 2022
4,Sun Dec  4 16:23:57 2022
8,Sun Dec  4 16:23:57 2022
8,Sun Dec  4 16:23:58 2022
8,Sun Dec  4 16:23:58 2022
8,Sun Dec  4 16:23:58 2022
8,Sun Dec  4 16:23:58 2022
8,Sun Dec  4 16:23:58 2022
8,Sun Dec  4 16:23:58 2022
8,Sun Dec  4 16:23:59 2022
8,Sun Dec  4 16:23:59 2022
8,Sun Dec  4 16:23:59 2022
8,Sun Dec  4 16:23:59 2022
8,Sun Dec  4 16:23:59 2022
8,Sun Dec  4 16:23:59 2022
8,Sun Dec  4 16:24:00 2022
8,Sun Dec  4 16:24:00 2022
8,Sun Dec  4 16:24:00 2022
4,Sun Dec  4 16:24:00 2022
8,Sun Dec  4 16:24:00 2022
8,Sun Dec  4 16:24:00 2022
8,Sun Dec  4 16:24:01 2022
8,Sun Dec  4 16:24:01 2022
4,Sun Dec  4 16:24:01 2022
8,Sun Dec  4 16:24:01 2022
4,Sun Dec  4 16:24:01 2022
8,Sun Dec  4 16:24:02 2022
8,Sun Dec  4 16:24:02 2022
8,Sun Dec  4 16:24:02 2022
8,Sun Dec  4 16:24:02 2022
8,Sun Dec  4 16:24:02 2022
8,Sun Dec  4 16:24:02 2022
4,Sun Dec  4 16:24:03 2022
4,Sun Dec  4 16:24:03 2022
8,Sun Dec  4 16:24:03 2022
8,Sun Dec  4 16:24:03 2022
8,Sun Dec  4 16:24:03 2022
8,Sun Dec  4 16:24:03 2022
1,Sun Dec  4 16:24:04 2022
4,Sun Dec  4 16:24:04 2022
8,Sun Dec  4 16:24:04 2022
8,Sun Dec  4 16:24:04 2022
8,Sun Dec  4 16:24:04 2022
8,Sun Dec  4 16:24:05 2022
8,Sun Dec  4 16:24:05 2022
8,Sun Dec  4 16:24:05 2022
8,Sun Dec  4 16:24:05 2022
4,Sun Dec  4 16:24:05 2022
8,Sun Dec  4 16:24:05 2022
8,Sun Dec  4 16:24:06 2022
8,Sun Dec  4 16:24:06 2022
8,Sun Dec  4 16:24:06 2022
8,Sun Dec  4 16:24:06 2022
8,Sun Dec  4 16:24:06 2022
8,Sun Dec  4 16:24:06 2022
8,Sun Dec  4 16:24:07 2022
8,Sun Dec  4 16:24:07 2022
8,Sun Dec  4 16:24:07 2022
4,Sun Dec  4 16:24:07 2022
8,Sun Dec  4 16:24:07 2022
8,Sun Dec  4 16:24:08 2022
8,Sun Dec  4 16:24:08 2022
8,Sun Dec  4 16:24:08 2022
8,Sun Dec  4 16:24:08 2022
8,Sun Dec  4 16:24:08 2022
4,Sun Dec  4 16:24:08 2022
8,Sun Dec  4 16:24:09 2022
8,Sun Dec  4 16:24:09 2022
4,Sun Dec  4 16:24:09 2022
8,Sun Dec  4 16:24:09 2022
8,Sun Dec  4 16:24:09 2022
8,Sun Dec  4 16:24:09 2022
8,Sun Dec  4 16:24:10 2022
8,Sun Dec  4 16:24:10 2022
8,Sun Dec  4 16:24:10 2022
8,Sun Dec  4 16:24:10 2022
8,Sun Dec  4 16:24:10 2022
8,Sun Dec  4 16:24:10 2022
8,Sun Dec  4 16:24:11 2022
8,Sun Dec  4 16:24:11 2022
8,Sun Dec  4 16:24:11 2022
8,Sun Dec  4 16:24:11 2022
8,Sun Dec  4 16:24:11 2022
8,Sun Dec  4 16:24:12 2022
8,Sun Dec  4 16:24:12 2022
8,Sun Dec  4 16:24:12 2022
8,Sun Dec  4 16:24:12 2022
8,Sun Dec  4 16:24:12 2022
8,Sun Dec  4 16:24:12 2022
8,Sun Dec  4 16:24:13 2022
8,Sun Dec  4 16:24:13 2022
8,Sun Dec  4 16:24:13 2022
8,Sun Dec  4 16:24:13 2022
8,Sun Dec  4 16:24:13 2022
4,Sun Dec  4 16:24:13 2022
8,Sun Dec  4 16:24:14 2022
8,Sun Dec  4 16:24:14 2022
8,Sun Dec  4 16:24:14 2022
8,Sun Dec  4 16:24:14 2022
8,Sun Dec  4 16:24:14 2022
8,Sun Dec  4 16:24:14 2022
8,Sun Dec  4 16:24:15 2022
8,Sun Dec  4 16:24:15 2022
8,Sun Dec  4 16:24:15 2022
8,Sun Dec  4 16:24:15 2022
8,Sun Dec  4 16:24:15 2022
8,Sun Dec  4 16:24:16 2022
8,Sun Dec  4 16:24:16 2022
8,Sun Dec  4 16:24:16 2022
8,Sun Dec  4 16:24:16 2022
8,Sun Dec  4 16:24:16 2022
4,Sun Dec  4 16:24:16 2022
8,Sun Dec  4 16:24:17 2022
8,Sun Dec  4 16:24:17 2022
8,Sun Dec  4 16:24:17 2022
8,Sun Dec  4 16:24:17 2022
8,Sun Dec  4 16:24:17 2022
8,Sun Dec  4 16:24:17 2022
8,Sun Dec  4 16:24:18 2022
8,Sun Dec  4 16:24:18 2022
8,Sun Dec  4 16:24:18 2022
4,Sun Dec  4 16:24:18 2022
8,Sun Dec  4 16:24:18 2022
8,Sun Dec  4 16:24:19 2022
8,Sun Dec  4 16:24:19 2022
8,Sun Dec  4 16:24:19 2022
8,Sun Dec  4 16:24:19 2022
8,Sun Dec  4 16:24:19 2022
8,Sun Dec  4 16:24:19 2022
8,Sun Dec  4 16:24:20 2022
8,Sun Dec  4 16:24:20 2022
8,Sun Dec  4 16:24:20 2022
8,Sun Dec  4 16:24:20 2022
8,Sun Dec  4 16:24:20 2022
8,Sun Dec  4 16:24:20 2022
8,Sun Dec  4 16:24:21 2022
8,Sun Dec  4 16:24:21 2022
8,Sun Dec  4 16:24:21 2022
8,Sun Dec  4 16:24:21 2022
8,Sun Dec  4 16:24:21 2022
8,Sun Dec  4 16:24:21 2022
8,Sun Dec  4 16:24:22 2022
8,Sun Dec  4 16:24:22 2022
8,Sun Dec  4 16:24:22 2022
8,Sun Dec  4 16:24:22 2022
8,Sun Dec  4 16:24:22 2022
8,Sun Dec  4 16:24:23 2022
8,Sun Dec  4 16:24:23 2022
8,Sun Dec  4 16:24:23 2022
8,Sun Dec  4 16:24:23 2022
8,Sun Dec  4 16:24:23 2022
8,Sun Dec  4 16:24:23 2022
8,Sun Dec  4 16:24:24 2022
8,Sun Dec  4 16:24:24 2022
8,Sun Dec  4 16:24:24 2022
8,Sun Dec  4 16:24:24 2022
8,Sun Dec  4 16:24:24 2022
8,Sun Dec  4 16:24:24 2022
8,Sun Dec  4 16:24:25 2022
8,Sun Dec  4 16:24:25 2022
8,Sun Dec  4 16:24:25 2022
8,Sun Dec  4 16:24:25 2022
8,Sun Dec  4 16:24:25 2022
8,Sun Dec  4 16:24:25 2022
8,Sun Dec  4 16:24:26 2022
8,Sun Dec  4 16:24:26 2022
8,Sun Dec  4 16:24:26 2022
8,Sun Dec  4 16:24:26 2022
8,Sun Dec  4 16:24:26 2022
8,Sun Dec  4 16:24:27 2022
8,Sun Dec  4 16:24:27 2022
8,Sun Dec  4 16:24:27 2022
8,Sun Dec  4 16:24:27 2022
8,Sun Dec  4 16:24:27 2022
8,Sun Dec  4 16:24:27 2022
4,Sun Dec  4 16:24:28 2022
8,Sun Dec  4 16:24:28 2022
8,Sun Dec  4 16:24:28 2022
8,Sun Dec  4 16:24:28 2022
8,Sun Dec  4 16:24:28 2022
8,Sun Dec  4 16:24:28 2022
8,Sun Dec  4 16:24:29 2022
8,Sun Dec  4 16:24:29 2022
8,Sun Dec  4 16:24:29 2022
8,Sun Dec  4 16:24:29 2022
8,Sun Dec  4 16:24:29 2022
8,Sun Dec  4 16:24:30 2022
8,Sun Dec  4 16:24:30 2022
8,Sun Dec  4 16:24:30 2022
8,Sun Dec  4 16:24:30 2022
8,Sun Dec  4 16:24:30 2022
8,Sun Dec  4 16:24:30 2022
8,Sun Dec  4 16:24:31 2022
8,Sun Dec  4 16:24:31 2022
8,Sun Dec  4 16:24:31 2022
8,Sun Dec  4 16:24:31 2022
8,Sun Dec  4 16:24:31 2022
8,Sun Dec  4 16:24:31 2022
8,Sun Dec  4 16:24:32 2022
8,Sun Dec  4 16:24:32 2022
8,Sun Dec  4 16:24:32 2022
8,Sun Dec  4 16:24:32 2022
8,Sun Dec  4 16:24:32 2022
8,Sun Dec  4 16:24:33 2022
8,Sun Dec  4 16:24:33 2022
8,Sun Dec  4 16:24:33 2022
8,Sun Dec  4 16:24:33 2022
8,Sun Dec  4 16:24:33 2022
8,Sun Dec  4 16:24:33 2022
8,Sun Dec  4 16:24:34 2022
8,Sun Dec  4 16:24:34 2022
8,Sun Dec  4 16:24:34 2022
8,Sun Dec  4 16:24:34 2022
8,Sun Dec  4 16:24:34 2022
8,Sun Dec  4 16:24:34 2022
8,Sun Dec  4 16:24:35 2022
8,Sun Dec  4 16:24:35 2022
8,Sun Dec  4 16:24:35 2022
8,Sun Dec  4 16:24:35 2022
8,Sun Dec  4 16:24:35 2022
8,Sun Dec  4 16:24:36 2022
8,Sun Dec  4 16:24:36 2022
8,Sun Dec  4 16:24:36 2022
8,Sun Dec  4 16:24:36 2022
8,Sun Dec  4 16:24:36 2022
8,Sun Dec  4 16:24:36 2022
8,Sun Dec  4 16:24:37 2022
8,Sun Dec  4 16:24:37 2022
8,Sun Dec  4 16:24:37 2022
8,Sun Dec  4 16:24:37 2022
8,Sun Dec  4 16:24:37 2022
8,Sun Dec  4 16:24:37 2022
8,Sun Dec  4 16:24:38 2022
8,Sun Dec  4 16:24:38 2022
8,Sun Dec  4 16:24:38 2022
8,Sun Dec  4 16:24:38 2022
8,Sun Dec  4 16:24:38 2022
8,Sun Dec  4 16:24:38 2022
8,Sun Dec  4 16:24:39 2022
8,Sun Dec  4 16:24:39 2022
8,Sun Dec  4 16:24:39 2022
8,Sun Dec  4 16:24:39 2022
8,Sun Dec  4 16:24:39 2022
8,Sun Dec  4 16:24:39 2022
8,Sun Dec  4 16:24:40 2022
8,Sun Dec  4 16:24:40 2022
8,Sun Dec  4 16:24:40 2022
8,Sun Dec  4 16:24:40 2022
8,Sun Dec  4 16:24:40 2022
8,Sun Dec  4 16:24:41 2022
8,Sun Dec  4 16:24:41 2022
8,Sun Dec  4 16:24:41 2022
8,Sun Dec  4 16:24:41 2022
8,Sun Dec  4 16:24:41 2022
8,Sun Dec  4 16:24:41 2022
8,Sun Dec  4 16:24:42 2022
8,Sun Dec  4 16:24:42 2022
8,Sun Dec  4 16:24:42 2022
8,Sun Dec  4 16:24:42 2022
8,Sun Dec  4 16:24:42 2022
8,Sun Dec  4 16:24:43 2022
8,Sun Dec  4 16:24:43 2022
8,Sun Dec  4 16:24:43 2022
8,Sun Dec  4 16:24:43 2022
8,Sun Dec  4 16:24:43 2022
8,Sun Dec  4 16:24:43 2022
8,Sun Dec  4 16:24:44 2022
8,Sun Dec  4 16:24:44 2022
8,Sun Dec  4 16:24:44 2022
8,Sun Dec  4 16:24:44 2022
8,Sun Dec  4 16:24:44 2022
8,Sun Dec  4 16:24:44 2022
8,Sun Dec  4 16:24:45 2022
8,Sun Dec  4 16:24:45 2022
8,Sun Dec  4 16:24:45 2022
4,Sun Dec  4 16:24:45 2022
8,Sun Dec  4 16:24:45 2022
4,Sun Dec  4 16:24:46 2022
8,Sun Dec  4 16:24:46 2022
8,Sun Dec  4 16:24:46 2022
1,Sun Dec  4 16:24:46 2022
8,Sun Dec  4 16:24:46 2022
8,Sun Dec  4 16:24:46 2022
8,Sun Dec  4 16:24:47 2022
1,Sun Dec  4 16:24:47 2022
1,Sun Dec  4 16:24:47 2022
4,Sun Dec  4 16:24:47 2022
8,Sun Dec  4 16:24:47 2022
8,Sun Dec  4 16:24:47 2022
8,Sun Dec  4 16:24:48 2022
1,Sun Dec  4 16:24:48 2022
8,Sun Dec  4 16:24:48 2022
4,Sun Dec  4 16:24:48 2022
8,Sun Dec  4 16:24:48 2022
8,Sun Dec  4 16:24:48 2022
1,Sun Dec  4 16:24:49 2022
8,Sun Dec  4 16:24:49 2022
8,Sun Dec  4 16:24:49 2022
8,Sun Dec  4 16:24:49 2022
8,Sun Dec  4 16:24:49 2022
8,Sun Dec  4 16:24:50 2022
1,Sun Dec  4 16:24:50 2022
8,Sun Dec  4 16:24:50 2022
8,Sun Dec  4 16:24:50 2022
8,Sun Dec  4 16:24:50 2022
8,Sun Dec  4 16:24:50 2022
8,Sun Dec  4 16:24:51 2022
8,Sun Dec  4 16:24:51 2022
8,Sun Dec  4 16:24:51 2022
8,Sun Dec  4 16:24:51 2022
8,Sun Dec  4 16:24:51 2022
8,Sun Dec  4 16:24:51 2022
8,Sun Dec  4 16:24:52 2022
8,Sun Dec  4 16:24:52 2022
8,Sun Dec  4 16:24:52 2022
8,Sun Dec  4 16:24:52 2022
8,Sun Dec  4 16:24:52 2022
8,Sun Dec  4 16:24:52 2022
8,Sun Dec  4 16:24:53 2022
8,Sun Dec  4 16:24:53 2022
8,Sun Dec  4 16:24:53 2022
8,Sun Dec  4 16:24:53 2022
8,Sun Dec  4 16:24:53 2022
8,Sun Dec  4 16:24:54 2022
4,Sun Dec  4 16:24:54 2022
8,Sun Dec  4 16:24:54 2022
8,Sun Dec  4 16:24:54 2022
8,Sun Dec  4 16:24:54 2022
8,Sun Dec  4 16:24:54 2022
8,Sun Dec  4 16:24:55 2022
8,Sun Dec  4 16:24:55 2022
8,Sun Dec  4 16:24:55 2022
8,Sun Dec  4 16:24:55 2022
8,Sun Dec  4 16:24:55 2022
8,Sun Dec  4 16:24:56 2022
8,Sun Dec  4 16:24:56 2022
8,Sun Dec  4 16:24:56 2022
8,Sun Dec  4 16:24:56 2022
8,Sun Dec  4 16:24:56 2022
8,Sun Dec  4 16:24:56 2022
8,Sun Dec  4 16:24:57 2022
8,Sun Dec  4 16:24:57 2022
8,Sun Dec  4 16:24:57 2022
8,Sun Dec  4 16:24:57 2022
8,Sun Dec  4 16:24:57 2022
8,Sun Dec  4 16:24:57 2022
8,Sun Dec  4 16:24:58 2022
8,Sun Dec  4 16:24:58 2022
8,Sun Dec  4 16:24:58 2022
8,Sun Dec  4 16:24:58 2022
8,Sun Dec  4 16:24:58 2022
8,Sun Dec  4 16:24:59 2022
8,Sun Dec  4 16:24:59 2022
8,Sun Dec  4 16:24:59 2022
8,Sun Dec  4 16:24:59 2022
8,Sun Dec  4 16:24:59 2022
8,Sun Dec  4 16:24:59 2022
8,Sun Dec  4 16:25:00 2022
8,Sun Dec  4 16:25:00 2022
8,Sun Dec  4 16:25:00 2022
8,Sun Dec  4 16:25:00 2022
8,Sun Dec  4 16:25:00 2022
8,Sun Dec  4 16:25:00 2022
8,Sun Dec  4 16:25:01 2022
8,Sun Dec  4 16:25:01 2022
8,Sun Dec  4 16:25:01 2022
8,Sun Dec  4 16:25:01 2022
8,Sun Dec  4 16:25:01 2022
8,Sun Dec  4 16:25:02 2022
8,Sun Dec  4 16:25:02 2022
8,Sun Dec  4 16:25:02 2022
8,Sun Dec  4 16:25:02 2022
8,Sun Dec  4 16:25:02 2022
8,Sun Dec  4 16:25:02 2022
8,Sun Dec  4 16:25:03 2022
8,Sun Dec  4 16:25:03 2022
8,Sun Dec  4 16:25:03 2022
8,Sun Dec  4 16:25:03 2022
8,Sun Dec  4 16:25:03 2022
8,Sun Dec  4 16:25:03 2022
8,Sun Dec  4 16:25:04 2022
8,Sun Dec  4 16:25:04 2022
8,Sun Dec  4 16:25:04 2022
8,Sun Dec  4 16:25:04 2022
8,Sun Dec  4 16:25:04 2022
8,Sun Dec  4 16:25:05 2022
8,Sun Dec  4 16:25:05 2022
8,Sun Dec  4 16:25:05 2022
8,Sun Dec  4 16:25:05 2022
8,Sun Dec  4 16:25:05 2022
8,Sun Dec  4 16:25:05 2022
8,Sun Dec  4 16:25:06 2022
8,Sun Dec  4 16:25:06 2022
8,Sun Dec  4 16:25:06 2022
8,Sun Dec  4 16:25:06 2022
1,Sun Dec  4 16:25:06 2022
8,Sun Dec  4 16:25:07 2022
8,Sun Dec  4 16:25:07 2022
8,Sun Dec  4 16:25:07 2022
8,Sun Dec  4 16:25:07 2022
8,Sun Dec  4 16:25:07 2022
8,Sun Dec  4 16:25:07 2022
8,Sun Dec  4 16:25:08 2022
8,Sun Dec  4 16:25:08 2022
8,Sun Dec  4 16:25:08 2022
8,Sun Dec  4 16:25:08 2022
8,Sun Dec  4 16:25:08 2022
8,Sun Dec  4 16:25:09 2022
1,Sun Dec  4 16:25:09 2022
8,Sun Dec  4 16:25:09 2022
8,Sun Dec  4 16:25:09 2022
8,Sun Dec  4 16:25:09 2022
8,Sun Dec  4 16:25:09 2022
8,Sun Dec  4 16:25:10 2022
8,Sun Dec  4 16:25:10 2022
8,Sun Dec  4 16:25:10 2022
8,Sun Dec  4 16:25:10 2022
8,Sun Dec  4 16:25:10 2022
8,Sun Dec  4 16:25:10 2022
8,Sun Dec  4 16:25:11 2022
8,Sun Dec  4 16:25:11 2022
8,Sun Dec  4 16:25:11 2022
8,Sun Dec  4 16:25:11 2022
8,Sun Dec  4 16:25:11 2022
8,Sun Dec  4 16:25:12 2022
8,Sun Dec  4 16:25:12 2022
8,Sun Dec  4 16:25:12 2022
8,Sun Dec  4 16:25:12 2022
8,Sun Dec  4 16:25:12 2022
8,Sun Dec  4 16:25:13 2022
8,Sun Dec  4 16:25:13 2022
8,Sun Dec  4 16:25:13 2022
8,Sun Dec  4 16:25:13 2022
8,Sun Dec  4 16:25:13 2022
8,Sun Dec  4 16:25:13 2022
8,Sun Dec  4 16:25:14 2022
8,Sun Dec  4 16:25:14 2022
8,Sun Dec  4 16:25:14 2022
8,Sun Dec  4 16:25:14 2022
8,Sun Dec  4 16:25:14 2022
8,Sun Dec  4 16:25:15 2022
8,Sun Dec  4 16:25:15 2022
8,Sun Dec  4 16:25:15 2022
8,Sun Dec  4 16:25:15 2022
8,Sun Dec  4 16:25:15 2022
8,Sun Dec  4 16:25:15 2022
8,Sun Dec  4 16:25:16 2022
8,Sun Dec  4 16:25:16 2022
8,Sun Dec  4 16:25:16 2022
8,Sun Dec  4 16:25:16 2022
8,Sun Dec  4 16:25:16 2022
8,Sun Dec  4 16:25:17 2022
8,Sun Dec  4 16:25:17 2022
8,Sun Dec  4 16:25:17 2022
8,Sun Dec  4 16:25:17 2022
8,Sun Dec  4 16:25:17 2022
8,Sun Dec  4 16:25:17 2022
8,Sun Dec  4 16:25:18 2022
8,Sun Dec  4 16:25:18 2022
8,Sun Dec  4 16:25:18 2022
8,Sun Dec  4 16:25:18 2022
8,Sun Dec  4 16:25:18 2022
8,Sun Dec  4 16:25:19 2022
8,Sun Dec  4 16:25:19 2022
8,Sun Dec  4 16:25:19 2022
1,Sun Dec  4 16:25:19 2022
8,Sun Dec  4 16:25:19 2022
4,Sun Dec  4 16:25:19 2022
8,Sun Dec  4 16:25:20 2022
8,Sun Dec  4 16:25:20 2022
8,Sun Dec  4 16:25:20 2022
8,Sun Dec  4 16:25:20 2022
8,Sun Dec  4 16:25:20 2022
12,Sun Dec  4 16:25:21 2022
4,Sun Dec  4 16:25:21 2022
12,Sun Dec  4 16:25:21 2022
4,Sun Dec  4 16:25:21 2022
4,Sun Dec  4 16:25:21 2022
4,Sun Dec  4 16:25:21 2022
4,Sun Dec  4 16:25:22 2022
4,Sun Dec  4 16:25:22 2022
4,Sun Dec  4 16:25:22 2022
4,Sun Dec  4 16:25:22 2022
8,Sun Dec  4 16:25:22 2022
3,Sun Dec  4 16:25:22 2022
3,Sun Dec  4 16:25:23 2022
4,Sun Dec  4 16:25:23 2022
2,Sun Dec  4 16:25:23 2022
2,Sun Dec  4 16:25:23 2022
15,Sun Dec  4 16:25:23 2022
7,Sun Dec  4 16:25:24 2022
15,Sun Dec  4 16:25:24 2022
3,Sun Dec  4 16:25:24 2022
3,Sun Dec  4 16:25:24 2022
3,Sun Dec  4 16:25:24 2022
3,Sun Dec  4 16:25:24 2022
3,Sun Dec  4 16:25:25 2022
3,Sun Dec  4 16:25:25 2022
3,Sun Dec  4 16:25:25 2022
1,Sun Dec  4 16:25:25 2022
3,Sun Dec  4 16:25:25 2022
2,Sun Dec  4 16:25:25 2022
2,Sun Dec  4 16:25:26 2022
2,Sun Dec  4 16:25:26 2022
5,Sun Dec  4 16:25:26 2022
5,Sun Dec  4 16:25:26 2022
3,Sun Dec  4 16:25:26 2022
3,Sun Dec  4 16:25:26 2022
3,Sun Dec  4 16:25:27 2022
3,Sun Dec  4 16:25:27 2022
3,Sun Dec  4 16:25:27 2022
3,Sun Dec  4 16:25:27 2022
2,Sun Dec  4 16:25:27 2022
3,Sun Dec  4 16:25:28 2022
3,Sun Dec  4 16:25:28 2022
2,Sun Dec  4 16:25:28 2022
2,Sun Dec  4 16:25:28 2022
3,Sun Dec  4 16:25:28 2022
3,Sun Dec  4 16:25:28 2022
3,Sun Dec  4 16:25:29 2022
3,Sun Dec  4 16:25:29 2022
3,Sun Dec  4 16:25:29 2022
3,Sun Dec  4 16:25:29 2022
4,Sun Dec  4 16:25:29 2022
4,Sun Dec  4 16:25:29 2022
2,Sun Dec  4 16:25:30 2022
2,Sun Dec  4 16:25:30 2022
2,Sun Dec  4 16:25:30 2022
2,Sun Dec  4 16:25:30 2022
2,Sun Dec  4 16:25:30 2022
12,Sun Dec  4 16:25:30 2022
2,Sun Dec  4 16:25:31 2022
8,Sun Dec  4 16:25:31 2022
2,Sun Dec  4 16:25:31 2022
9,Sun Dec  4 16:25:31 2022
2,Sun Dec  4 16:25:31 2022
8,Sun Dec  4 16:25:31 2022
2,Sun Dec  4 16:25:31 2022
8,Sun Dec  4 16:25:31 2022
2,Sun Dec  4 16:25:31 2022
1,Sun Dec  4 16:25:31 2022
2,Sun Dec  4 16:25:31 2022
8,Sun Dec  4 16:25:31 2022
2,Sun Dec  4 16:25:32 2022
8,Sun Dec  4 16:25:32 2022
2,Sun Dec  4 16:25:32 2022
1,Sun Dec  4 16:25:32 2022
2,Sun Dec  4 16:25:32 2022
8,Sun Dec  4 16:25:32 2022
2,Sun Dec  4 16:25:32 2022
1,Sun Dec  4 16:25:32 2022
2,Sun Dec  4 16:25:32 2022
8,Sun Dec  4 16:25:32 2022
2,Sun Dec  4 16:25:32 2022
8,Sun Dec  4 16:25:33 2022
2,Sun Dec  4 16:25:33 2022
4,Sun Dec  4 16:25:33 2022
2,Sun Dec  4 16:25:33 2022
3,Sun Dec  4 16:25:33 2022
3,Sun Dec  4 16:25:33 2022
3,Sun Dec  4 16:25:34 2022
3,Sun Dec  4 16:25:34 2022
3,Sun Dec  4 16:25:34 2022
3,Sun Dec  4 16:25:34 2022
3,Sun Dec  4 16:25:35 2022
2,Sun Dec  4 16:25:35 2022
3,Sun Dec  4 16:25:35 2022
3,Sun Dec  4 16:25:35 2022
3,Sun Dec  4 16:25:35 2022
3,Sun Dec  4 16:25:36 2022
3,Sun Dec  4 16:25:36 2022
3,Sun Dec  4 16:25:36 2022
3,Sun Dec  4 16:25:36 2022
1,Sun Dec  4 16:25:36 2022
3,Sun Dec  4 16:25:37 2022
3,Sun Dec  4 16:25:37 2022
3,Sun Dec  4 16:25:37 2022
3,Sun Dec  4 16:25:37 2022
2,Sun Dec  4 16:25:37 2022
2,Sun Dec  4 16:25:37 2022
2,Sun Dec  4 16:25:38 2022
5,Sun Dec  4 16:25:38 2022
2,Sun Dec  4 16:25:38 2022
2,Sun Dec  4 16:25:38 2022
2,Sun Dec  4 16:25:38 2022
2,Sun Dec  4 16:25:39 2022
2,Sun Dec  4 16:25:39 2022
2,Sun Dec  4 16:25:39 2022
5,Sun Dec  4 16:25:39 2022
2,Sun Dec  4 16:25:39 2022
2,Sun Dec  4 16:25:39 2022
2,Sun Dec  4 16:25:40 2022
5,Sun Dec  4 16:25:40 2022
2,Sun Dec  4 16:25:40 2022
2,Sun Dec  4 16:25:40 2022
2,Sun Dec  4 16:25:40 2022
2,Sun Dec  4 16:25:40 2022
2,Sun Dec  4 16:25:41 2022
2,Sun Dec  4 16:25:41 2022
2,Sun Dec  4 16:25:41 2022
2,Sun Dec  4 16:25:41 2022
2,Sun Dec  4 16:25:41 2022
2,Sun Dec  4 16:25:41 2022
2,Sun Dec  4 16:25:41 2022
2,Sun Dec  4 16:25:42 2022
2,Sun Dec  4 16:25:42 2022
2,Sun Dec  4 16:25:42 2022
2,Sun Dec  4 16:25:42 2022
2,Sun Dec  4 16:25:42 2022
2,Sun Dec  4 16:25:42 2022
2,Sun Dec  4 16:25:43 2022
2,Sun Dec  4 16:25:43 2022
2,Sun Dec  4 16:25:43 2022
2,Sun Dec  4 16:25:43 2022
2,Sun Dec  4 16:25:43 2022
2,Sun Dec  4 16:25:44 2022
2,Sun Dec  4 16:25:44 2022
2,Sun Dec  4 16:25:44 2022
2,Sun Dec  4 16:25:44 2022
1,Sun Dec  4 16:25:45 2022
2,Sun Dec  4 16:25:46 2022
8,Sun Dec  4 16:25:46 2022
2,Sun Dec  4 16:25:46 2022
1,Sun Dec  4 16:25:46 2022
2,Sun Dec  4 16:25:46 2022
1,Sun Dec  4 16:25:46 2022
2,Sun Dec  4 16:25:46 2022
1,Sun Dec  4 16:25:46 2022
2,Sun Dec  4 16:25:46 2022
2,Sun Dec  4 16:25:47 2022
1,Sun Dec  4 16:25:47 2022
2,Sun Dec  4 16:25:47 2022
1,Sun Dec  4 16:25:47 2022
2,Sun Dec  4 16:25:47 2022
12,Sun Dec  4 16:25:47 2022
2,Sun Dec  4 16:25:47 2022
1,Sun Dec  4 16:25:47 2022
2,Sun Dec  4 16:25:47 2022
12,Sun Dec  4 16:25:47 2022
2,Sun Dec  4 16:25:47 2022
12,Sun Dec  4 16:25:47 2022
2,Sun Dec  4 16:25:48 2022
12,Sun Dec  4 16:25:48 2022
2,Sun Dec  4 16:25:49 2022
8,Sun Dec  4 16:25:49 2022
2,Sun Dec  4 16:25:49 2022
8,Sun Dec  4 16:25:49 2022
2,Sun Dec  4 16:25:49 2022
12,Sun Dec  4 16:25:49 2022
2,Sun Dec  4 16:25:49 2022
12,Sun Dec  4 16:25:49 2022
2,Sun Dec  4 16:25:50 2022
9,Sun Dec  4 16:25:50 2022
2,Sun Dec  4 16:25:50 2022
1,Sun Dec  4 16:25:50 2022
2,Sun Dec  4 16:25:50 2022
8,Sun Dec  4 16:25:50 2022
2,Sun Dec  4 16:25:50 2022
12,Sun Dec  4 16:25:51 2022
2,Sun Dec  4 16:25:51 2022
1,Sun Dec  4 16:25:51 2022
2,Sun Dec  4 16:25:52 2022
2,Sun Dec  4 16:25:52 2022
1,Sun Dec  4 16:25:52 2022
2,Sun Dec  4 16:25:52 2022
8,Sun Dec  4 16:25:52 2022
2,Sun Dec  4 16:25:52 2022
1,Sun Dec  4 16:25:52 2022
2,Sun Dec  4 16:25:53 2022
[1],Mon Dec  5 15:59:42 2022
[1],Mon Dec  5 15:59:42 2022
[2],Mon Dec  5 15:59:42 2022
[2],Mon Dec  5 15:59:42 2022
[2],Mon Dec  5 15:59:42 2022
[2],Mon Dec  5 15:59:43 2022
[2],Mon Dec  5 15:59:43 2022
[2],Mon Dec  5 15:59:43 2022
[2],Mon Dec  5 15:59:43 2022
[2],Mon Dec  5 15:59:43 2022
[2],Mon Dec  5 15:59:43 2022
[2],Mon Dec  5 15:59:44 2022
[2],Mon Dec  5 15:59:44 2022
[2],Mon Dec  5 15:59:44 2022
[2],Mon Dec  5 15:59:44 2022
[2],Mon Dec  5 15:59:44 2022
[2],Mon Dec  5 15:59:45 2022
[2],Mon Dec  5 15:59:45 2022
[2],Mon Dec  5 15:59:45 2022
[2],Mon Dec  5 15:59:45 2022
[2],Mon Dec  5 15:59:45 2022
[2],Mon Dec  5 15:59:46 2022
[2],Mon Dec  5 15:59:46 2022
[2],Mon Dec  5 15:59:46 2022
[2],Mon Dec  5 15:59:46 2022
[2],Mon Dec  5 15:59:46 2022
[2],Mon Dec  5 15:59:47 2022
[2],Mon Dec  5 15:59:47 2022
[2],Mon Dec  5 15:59:47 2022
[2],Mon Dec  5 15:59:47 2022
[2],Mon Dec  5 15:59:47 2022
[2],Mon Dec  5 15:59:47 2022
[2],Mon Dec  5 15:59:48 2022
[2],Mon Dec  5 15:59:48 2022
[2],Mon Dec  5 15:59:48 2022
[2],Mon Dec  5 15:59:48 2022
[2],Mon Dec  5 15:59:49 2022
[2],Mon Dec  5 15:59:49 2022
[2],Mon Dec  5 15:59:49 2022
[2],Mon Dec  5 15:59:49 2022
[2],Mon Dec  5 15:59:49 2022
[2],Mon Dec  5 15:59:50 2022
[2],Mon Dec  5 15:59:50 2022
[2],Mon Dec  5 15:59:50 2022
[2],Mon Dec  5 15:59:50 2022
[2],Mon Dec  5 15:59:50 2022
[2],Mon Dec  5 15:59:50 2022
[2],Mon Dec  5 15:59:51 2022
[2],Mon Dec  5 15:59:51 2022
[2],Mon Dec  5 15:59:51 2022
[2],Mon Dec  5 15:59:51 2022
[2],Mon Dec  5 15:59:52 2022
[2],Mon Dec  5 15:59:52 2022
[2],Mon Dec  5 15:59:52 2022
[2],Mon Dec  5 15:59:53 2022
[2],Mon Dec  5 15:59:53 2022
[2],Mon Dec  5 15:59:53 2022
[2],Mon Dec  5 15:59:54 2022
[1],Mon Dec  5 15:59:54 2022
[2],Mon Dec  5 15:59:54 2022
[2],Mon Dec  5 15:59:54 2022
[2],Mon Dec  5 15:59:54 2022
[2],Mon Dec  5 15:59:54 2022
[2],Mon Dec  5 15:59:55 2022
[2],Mon Dec  5 15:59:55 2022
[2],Mon Dec  5 15:59:55 2022
[2],Mon Dec  5 15:59:55 2022
[2],Mon Dec  5 15:59:55 2022
[2],Mon Dec  5 15:59:56 2022
[2],Mon Dec  5 15:59:56 2022
[1],Mon Dec  5 15:59:56 2022
[1],Mon Dec  5 15:59:56 2022
[1],Mon Dec  5 15:59:57 2022
[2],Mon Dec  5 15:59:57 2022
[2],Mon Dec  5 15:59:57 2022
[1],Mon Dec  5 15:59:58 2022
[2],Mon Dec  5 15:59:58 2022
[2],Mon Dec  5 15:59:59 2022
[2],Mon Dec  5 15:59:59 2022
[2],Mon Dec  5 15:59:59 2022
[1],Mon Dec  5 15:59:59 2022
[2],Mon Dec  5 15:59:59 2022
[2],Mon Dec  5 15:59:59 2022
[2],Mon Dec  5 16:00:00 2022
[2],Mon Dec  5 16:00:00 2022
[2],Mon Dec  5 16:00:00 2022
[2],Mon Dec  5 16:00:00 2022
[1],Mon Dec  5 16:00:00 2022
[1],Mon Dec  5 16:00:01 2022
[2],Mon Dec  5 16:00:01 2022
[1],Mon Dec  5 16:00:01 2022
[2],Mon Dec  5 16:00:01 2022
[1],Mon Dec  5 16:00:01 2022
[1],Mon Dec  5 16:00:02 2022
[2],Mon Dec  5 16:00:02 2022
[1],Mon Dec  5 16:00:02 2022
[1],Mon Dec  5 16:00:02 2022
[2],Mon Dec  5 16:00:02 2022
[1],Mon Dec  5 16:00:03 2022
[2],Mon Dec  5 16:00:03 2022
[2],Mon Dec  5 16:00:03 2022
[2],Mon Dec  5 16:00:03 2022
[2],Mon Dec  5 16:00:04 2022
[2],Mon Dec  5 16:00:04 2022
[1],Mon Dec  5 16:00:04 2022
[2],Mon Dec  5 16:00:04 2022
[2],Mon Dec  5 16:00:05 2022
[2],Mon Dec  5 16:00:05 2022
[2],Mon Dec  5 16:00:05 2022
[2],Mon Dec  5 16:00:05 2022
[2],Mon Dec  5 16:00:05 2022
[2],Mon Dec  5 16:00:06 2022
[2],Mon Dec  5 16:00:06 2022
[2],Mon Dec  5 16:00:06 2022
[2],Mon Dec  5 16:00:06 2022
[2],Mon Dec  5 16:00:06 2022
[2],Mon Dec  5 16:00:06 2022
[2],Mon Dec  5 16:00:07 2022
[2],Mon Dec  5 16:00:07 2022
[2],Mon Dec  5 16:00:07 2022
[2],Mon Dec  5 16:00:07 2022
[2],Mon Dec  5 16:00:08 2022
[2],Mon Dec  5 16:00:08 2022
[2],Mon Dec  5 16:00:08 2022
[2],Mon Dec  5 16:00:08 2022
[2],Mon Dec  5 16:00:09 2022
[2],Mon Dec  5 16:00:09 2022
[2],Mon Dec  5 16:00:09 2022
[2],Mon Dec  5 16:00:09 2022
[2],Mon Dec  5 16:00:09 2022
[2],Mon Dec  5 16:00:10 2022
[2],Mon Dec  5 16:00:10 2022
[2],Mon Dec  5 16:00:10 2022
[2],Mon Dec  5 16:00:10 2022
[2],Mon Dec  5 16:00:11 2022
[2],Mon Dec  5 16:00:11 2022
[2],Mon Dec  5 16:00:11 2022
[1],Mon Dec  5 16:00:11 2022
[2],Mon Dec  5 16:00:11 2022
[2],Mon Dec  5 16:00:12 2022
[2],Mon Dec  5 16:00:12 2022
[2],Mon Dec  5 16:00:12 2022
[2],Mon Dec  5 16:00:12 2022
[2],Mon Dec  5 16:00:12 2022
[1],Mon Dec  5 16:00:13 2022
[2],Mon Dec  5 16:00:13 2022
[2],Mon Dec  5 16:00:13 2022
[2],Mon Dec  5 16:00:13 2022
[2],Mon Dec  5 16:00:13 2022
[2],Mon Dec  5 16:00:13 2022
[2],Mon Dec  5 16:00:14 2022
[2],Mon Dec  5 16:00:14 2022
[2],Mon Dec  5 16:00:14 2022
[2],Mon Dec  5 16:00:14 2022
[2],Mon Dec  5 16:00:15 2022
[2],Mon Dec  5 16:00:15 2022
[2],Mon Dec  5 16:00:15 2022
[2],Mon Dec  5 16:00:15 2022
[2],Mon Dec  5 16:00:15 2022
[2],Mon Dec  5 16:00:15 2022
[2],Mon Dec  5 16:00:16 2022
[2],Mon Dec  5 16:00:16 2022
[2],Mon Dec  5 16:00:16 2022
[2],Mon Dec  5 16:00:16 2022
[2],Mon Dec  5 16:00:16 2022
[2],Mon Dec  5 16:00:16 2022
[2],Mon Dec  5 16:00:17 2022
[2],Mon Dec  5 16:00:17 2022
[2],Mon Dec  5 16:00:17 2022
[2],Mon Dec  5 16:00:17 2022
[2],Mon Dec  5 16:00:17 2022
[2],Mon Dec  5 16:00:18 2022
[2],Mon Dec  5 16:00:18 2022
[2],Mon Dec  5 16:00:18 2022
[2],Mon Dec  5 16:00:18 2022
[2],Mon Dec  5 16:00:18 2022
[2],Mon Dec  5 16:00:18 2022
[2],Mon Dec  5 16:00:19 2022
[2],Mon Dec  5 16:00:19 2022
[2],Mon Dec  5 16:00:19 2022
[2],Mon Dec  5 16:00:19 2022
[2],Mon Dec  5 16:00:19 2022
[2],Mon Dec  5 16:00:20 2022
[2],Mon Dec  5 16:00:20 2022
[2],Mon Dec  5 16:00:20 2022
[2],Mon Dec  5 16:00:20 2022
[2],Mon Dec  5 16:00:20 2022
[2],Mon Dec  5 16:00:20 2022
[2],Mon Dec  5 16:00:21 2022
[2],Mon Dec  5 16:00:21 2022
[2],Mon Dec  5 16:00:21 2022
[2],Mon Dec  5 16:00:21 2022
[2],Mon Dec  5 16:00:21 2022
[2],Mon Dec  5 16:00:22 2022
[2],Mon Dec  5 16:00:22 2022
[2],Mon Dec  5 16:00:22 2022
[2],Mon Dec  5 16:00:22 2022
[2],Mon Dec  5 16:00:22 2022
[2],Mon Dec  5 16:00:22 2022
[2],Mon Dec  5 16:00:23 2022
[2],Mon Dec  5 16:00:23 2022
[2],Mon Dec  5 16:00:23 2022
[2],Mon Dec  5 16:00:23 2022
[2],Mon Dec  5 16:00:23 2022
[2],Mon Dec  5 16:00:24 2022
[2],Mon Dec  5 16:00:24 2022
[2],Mon Dec  5 16:00:24 2022
[2],Mon Dec  5 16:00:25 2022
[2],Mon Dec  5 16:00:25 2022
[2],Mon Dec  5 16:00:25 2022
[2],Mon Dec  5 16:00:25 2022
[2],Mon Dec  5 16:00:25 2022
[2],Mon Dec  5 16:00:26 2022
[2],Mon Dec  5 16:00:26 2022
[2],Mon Dec  5 16:00:26 2022
[2],Mon Dec  5 16:00:26 2022
[2],Mon Dec  5 16:00:26 2022
[2],Mon Dec  5 16:00:26 2022
[2],Mon Dec  5 16:00:27 2022
[2],Mon Dec  5 16:00:27 2022
[2],Mon Dec  5 16:00:27 2022
[2],Mon Dec  5 16:00:27 2022
[2],Mon Dec  5 16:00:28 2022
[2],Mon Dec  5 16:00:28 2022
[2],Mon Dec  5 16:00:28 2022
[2],Mon Dec  5 16:00:29 2022
[2],Mon Dec  5 16:00:29 2022
[2],Mon Dec  5 16:00:29 2022
[2],Mon Dec  5 16:00:29 2022
[2],Mon Dec  5 16:00:30 2022
[2],Mon Dec  5 16:00:30 2022
[2],Mon Dec  5 16:00:30 2022
[2],Mon Dec  5 16:00:30 2022
[2],Mon Dec  5 16:00:30 2022
[2],Mon Dec  5 16:00:30 2022
[2],Mon Dec  5 16:00:31 2022
[2],Mon Dec  5 16:00:31 2022
[2],Mon Dec  5 16:00:31 2022
[2],Mon Dec  5 16:00:31 2022
[2],Mon Dec  5 16:00:32 2022
[2],Mon Dec  5 16:00:32 2022
[2],Mon Dec  5 16:00:32 2022
[2],Mon Dec  5 16:00:32 2022
[2],Mon Dec  5 16:00:33 2022
[2],Mon Dec  5 16:00:33 2022
[2],Mon Dec  5 16:00:33 2022
[2],Mon Dec  5 16:00:33 2022
[2],Mon Dec  5 16:00:33 2022
[2],Mon Dec  5 16:00:33 2022
[2],Mon Dec  5 16:00:34 2022
[2],Mon Dec  5 16:00:34 2022
[2],Mon Dec  5 16:00:34 2022
[2],Mon Dec  5 16:00:34 2022
[2],Mon Dec  5 16:00:34 2022
[2],Mon Dec  5 16:00:34 2022
[2],Mon Dec  5 16:00:35 2022
[2],Mon Dec  5 16:00:35 2022
[2],Mon Dec  5 16:00:35 2022
[2],Mon Dec  5 16:00:35 2022
[2],Mon Dec  5 16:00:35 2022
[2],Mon Dec  5 16:00:36 2022
[2],Mon Dec  5 16:00:36 2022
[2],Mon Dec  5 16:00:36 2022
[2],Mon Dec  5 16:00:36 2022
[2],Mon Dec  5 16:00:36 2022
[2],Mon Dec  5 16:00:37 2022
[2],Mon Dec  5 16:00:37 2022
[2],Mon Dec  5 16:00:37 2022
[1],Mon Dec  5 16:00:37 2022
[2],Mon Dec  5 16:00:38 2022
[2],Mon Dec  5 16:00:38 2022
[2],Mon Dec  5 16:00:38 2022
[2],Mon Dec  5 16:00:38 2022
[2],Mon Dec  5 16:00:38 2022
[2],Mon Dec  5 16:00:39 2022
[2],Mon Dec  5 16:00:39 2022
[2],Mon Dec  5 16:00:39 2022
[2],Mon Dec  5 16:00:39 2022
[2],Mon Dec  5 16:00:39 2022
[2],Mon Dec  5 16:00:40 2022
[2],Mon Dec  5 16:00:40 2022
[2],Mon Dec  5 16:00:40 2022
[2],Mon Dec  5 16:00:40 2022
[2],Mon Dec  5 16:00:40 2022
[2],Mon Dec  5 16:00:41 2022
[2],Mon Dec  5 16:00:41 2022
[2],Mon Dec  5 16:00:41 2022
[2],Mon Dec  5 16:00:41 2022
[2],Mon Dec  5 16:00:42 2022
[2],Mon Dec  5 16:00:42 2022
[2],Mon Dec  5 16:00:42 2022
[2],Mon Dec  5 16:00:42 2022
[2],Mon Dec  5 16:00:42 2022
[2],Mon Dec  5 16:00:43 2022
[2],Mon Dec  5 16:00:43 2022
[2],Mon Dec  5 16:00:43 2022
[2],Mon Dec  5 16:00:43 2022
[2],Mon Dec  5 16:00:43 2022
[2],Mon Dec  5 16:00:43 2022
[2],Mon Dec  5 16:00:44 2022
[2],Mon Dec  5 16:00:44 2022
[2],Mon Dec  5 16:00:44 2022
[2],Mon Dec  5 16:00:44 2022
[2],Mon Dec  5 16:00:45 2022
[2],Mon Dec  5 16:00:45 2022
[2],Mon Dec  5 16:00:45 2022
[2],Mon Dec  5 16:00:45 2022
[2],Mon Dec  5 16:00:45 2022
[2],Mon Dec  5 16:00:45 2022
[2],Mon Dec  5 16:00:46 2022
[2],Mon Dec  5 16:00:46 2022
[2],Mon Dec  5 16:00:46 2022
[2],Mon Dec  5 16:00:46 2022
[2],Mon Dec  5 16:00:46 2022
[2],Mon Dec  5 16:00:46 2022
[2],Mon Dec  5 16:00:47 2022
[2],Mon Dec  5 16:00:47 2022
[2],Mon Dec  5 16:00:47 2022
[2],Mon Dec  5 16:00:47 2022
[2],Mon Dec  5 16:00:47 2022
[2],Mon Dec  5 16:00:48 2022
[2],Mon Dec  5 16:00:48 2022
[2],Mon Dec  5 16:00:48 2022
[2],Mon Dec  5 16:00:48 2022
[2],Mon Dec  5 16:00:48 2022
[2],Mon Dec  5 16:00:49 2022
[2],Mon Dec  5 16:00:49 2022
[2],Mon Dec  5 16:00:49 2022
[2],Mon Dec  5 16:00:49 2022
[2],Mon Dec  5 16:00:49 2022
[2],Mon Dec  5 16:00:49 2022
[2],Mon Dec  5 16:00:50 2022
[2],Mon Dec  5 16:00:50 2022
[2],Mon Dec  5 16:00:50 2022
[2],Mon Dec  5 16:00:50 2022
[2],Mon Dec  5 16:00:50 2022
[2],Mon Dec  5 16:00:50 2022
[2],Mon Dec  5 16:00:51 2022
[2],Mon Dec  5 16:00:51 2022
[2],Mon Dec  5 16:00:51 2022
[2],Mon Dec  5 16:00:51 2022
[2],Mon Dec  5 16:00:51 2022
[2],Mon Dec  5 16:00:52 2022
[2],Mon Dec  5 16:00:52 2022
[2],Mon Dec  5 16:00:52 2022
[2],Mon Dec  5 16:00:52 2022
[2],Mon Dec  5 16:00:52 2022
[2],Mon Dec  5 16:00:52 2022
[2],Mon Dec  5 16:00:53 2022
[2],Mon Dec  5 16:00:53 2022
[1],Mon Dec  5 16:00:53 2022
[2],Mon Dec  5 16:00:53 2022
[2],Mon Dec  5 16:00:53 2022
[2],Mon Dec  5 16:00:54 2022
[2],Mon Dec  5 16:00:54 2022
[1],Mon Dec  5 16:00:54 2022
[1],Mon Dec  5 16:00:54 2022
[2],Mon Dec  5 16:00:55 2022
[2],Mon Dec  5 16:00:55 2022
[2],Mon Dec  5 16:00:55 2022
[1],Mon Dec  5 16:00:56 2022
[2],Mon Dec  5 16:00:56 2022
[1],Mon Dec  5 16:00:56 2022
[1],Mon Dec  5 16:00:57 2022
[1],Mon Dec  5 16:00:57 2022
[1],Mon Dec  5 16:00:57 2022
[1],Mon Dec  5 16:00:57 2022
[1],Mon Dec  5 16:00:58 2022
[2],Mon Dec  5 16:00:58 2022
[1],Mon Dec  5 16:00:58 2022
[1],Mon Dec  5 16:00:58 2022
[2],Mon Dec  5 16:00:58 2022
[2],Mon Dec  5 16:00:59 2022
[2],Mon Dec  5 16:00:59 2022
[1],Mon Dec  5 16:00:59 2022
[1],Mon Dec  5 16:00:59 2022
[1],Mon Dec  5 16:00:59 2022
[1],Mon Dec  5 16:00:59 2022
[1],Mon Dec  5 16:01:00 2022
[1],Mon Dec  5 16:01:00 2022
[2],Mon Dec  5 16:01:00 2022
[2],Mon Dec  5 16:01:00 2022
[2],Mon Dec  5 16:01:00 2022
[2],Mon Dec  5 16:01:00 2022
[2],Mon Dec  5 16:01:01 2022
[1],Mon Dec  5 16:01:01 2022
[1],Mon Dec  5 16:01:01 2022
[2],Mon Dec  5 16:01:01 2022
[1],Mon Dec  5 16:01:02 2022
[1],Mon Dec  5 16:01:02 2022
[1],Mon Dec  5 16:01:02 2022
[1],Mon Dec  5 16:01:02 2022
[2],Mon Dec  5 16:01:02 2022
[2],Mon Dec  5 16:01:02 2022
[2],Mon Dec  5 16:01:03 2022
[1],Mon Dec  5 16:01:03 2022
[1],Mon Dec  5 16:01:03 2022
[1],Mon Dec  5 16:01:03 2022
[1],Mon Dec  5 16:01:03 2022
[2],Mon Dec  5 16:01:03 2022
[1],Mon Dec  5 16:01:04 2022
[1],Mon Dec  5 16:01:04 2022
[1],Mon Dec  5 16:01:04 2022
[1],Mon Dec  5 16:01:04 2022
[1],Mon Dec  5 16:01:04 2022
[1],Mon Dec  5 16:01:05 2022
[1],Mon Dec  5 16:01:05 2022
[1],Mon Dec  5 16:01:05 2022
[1],Mon Dec  5 16:01:05 2022
[2],Mon Dec  5 16:01:05 2022
[1],Mon Dec  5 16:01:05 2022
[1],Mon Dec  5 16:01:06 2022
[1],Mon Dec  5 16:01:06 2022
[1],Mon Dec  5 16:01:06 2022
[1],Mon Dec  5 16:01:06 2022
[1],Mon Dec  5 16:01:06 2022
[2],Mon Dec  5 16:01:06 2022
[2],Mon Dec  5 16:01:07 2022
[2],Mon Dec  5 16:01:07 2022
[1],Mon Dec  5 16:01:07 2022
[2],Mon Dec  5 16:01:07 2022
[1],Mon Dec  5 16:01:08 2022
[1],Mon Dec  5 16:01:08 2022
[1],Mon Dec  5 16:01:08 2022
[1],Mon Dec  5 16:01:08 2022
[2],Mon Dec  5 16:01:08 2022
[2],Mon Dec  5 16:01:08 2022
[2],Mon Dec  5 16:01:09 2022
[1],Mon Dec  5 16:01:09 2022
[2],Mon Dec  5 16:01:09 2022
[1],Mon Dec  5 16:01:09 2022
[1],Mon Dec  5 16:01:09 2022
[1],Mon Dec  5 16:01:10 2022
[1],Mon Dec  5 16:01:10 2022
[1],Mon Dec  5 16:01:10 2022
[1],Mon Dec  5 16:01:10 2022
[1],Mon Dec  5 16:01:10 2022
[1],Mon Dec  5 16:01:10 2022
[1],Mon Dec  5 16:01:11 2022
[1],Mon Dec  5 16:01:11 2022
[1],Mon Dec  5 16:01:11 2022
[1],Mon Dec  5 16:01:11 2022
[2],Mon Dec  5 16:01:11 2022
[2],Mon Dec  5 16:01:11 2022
[1],Mon Dec  5 16:01:12 2022
[1],Mon Dec  5 16:01:12 2022
[1],Mon Dec  5 16:01:12 2022
[1],Mon Dec  5 16:01:12 2022
[1],Mon Dec  5 16:01:12 2022
[1],Mon Dec  5 16:01:13 2022
[1],Mon Dec  5 16:01:13 2022
[2],Mon Dec  5 16:01:13 2022
[1],Mon Dec  5 16:01:13 2022
[1],Mon Dec  5 16:01:13 2022
[1],Mon Dec  5 16:01:13 2022
[1],Mon Dec  5 16:01:14 2022
[2],Mon Dec  5 16:01:14 2022
[1],Mon Dec  5 16:01:14 2022
[1],Mon Dec  5 16:01:14 2022
[1],Mon Dec  5 16:01:14 2022
[1],Mon Dec  5 16:01:14 2022
[1],Mon Dec  5 16:01:15 2022
[1],Mon Dec  5 16:01:15 2022
[1],Mon Dec  5 16:01:15 2022
[2],Mon Dec  5 16:01:15 2022
[1],Mon Dec  5 16:01:15 2022
[1],Mon Dec  5 16:01:16 2022
[1],Mon Dec  5 16:01:16 2022
[1],Mon Dec  5 16:01:16 2022
[2],Mon Dec  5 16:01:16 2022
[2],Mon Dec  5 16:01:16 2022
[1],Mon Dec  5 16:01:17 2022
[2],Mon Dec  5 16:01:17 2022
[1],Mon Dec  5 16:01:17 2022
[1],Mon Dec  5 16:01:17 2022
[2],Mon Dec  5 16:01:17 2022
[2],Mon Dec  5 16:01:17 2022
[1],Mon Dec  5 16:01:18 2022
[2],Mon Dec  5 16:01:18 2022
[1],Mon Dec  5 16:01:18 2022
[1],Mon Dec  5 16:01:18 2022
[1],Mon Dec  5 16:01:18 2022
[2],Mon Dec  5 16:01:19 2022
[2],Mon Dec  5 16:01:19 2022
[2],Mon Dec  5 16:01:19 2022
[1],Mon Dec  5 16:01:19 2022
[1],Mon Dec  5 16:01:19 2022
[1],Mon Dec  5 16:01:20 2022
[2],Mon Dec  5 16:01:20 2022
[2],Mon Dec  5 16:01:20 2022
[1],Mon Dec  5 16:01:21 2022
[1],Mon Dec  5 16:01:21 2022
[1],Mon Dec  5 16:01:21 2022
[2],Mon Dec  5 16:01:21 2022
[2],Mon Dec  5 16:01:21 2022
[1],Mon Dec  5 16:01:21 2022
[1],Mon Dec  5 16:01:22 2022
[1],Mon Dec  5 16:01:22 2022
[2],Mon Dec  5 16:01:22 2022
[2],Mon Dec  5 16:01:22 2022
[2],Mon Dec  5 16:01:23 2022
[2],Mon Dec  5 16:01:23 2022
[1],Mon Dec  5 16:01:23 2022
[1],Mon Dec  5 16:01:23 2022
[1],Mon Dec  5 16:01:24 2022
[1],Mon Dec  5 16:01:24 2022
[1],Mon Dec  5 16:01:25 2022
[2],Mon Dec  5 16:01:25 2022
[2],Mon Dec  5 16:01:25 2022
[1],Mon Dec  5 16:01:25 2022
[1],Mon Dec  5 16:01:26 2022
[1],Mon Dec  5 16:01:26 2022
[2],Mon Dec  5 16:01:26 2022
[2],Mon Dec  5 16:01:26 2022
[1],Mon Dec  5 16:01:27 2022
[1],Mon Dec  5 16:01:27 2022
[2],Mon Dec  5 16:01:27 2022
[1],Mon Dec  5 16:01:28 2022
[2],Mon Dec  5 16:01:28 2022
[1],Mon Dec  5 16:01:28 2022
[2],Mon Dec  5 16:01:28 2022
[1],Mon Dec  5 16:01:28 2022
[2],Mon Dec  5 16:01:29 2022
[2],Mon Dec  5 16:01:29 2022
[1],Mon Dec  5 16:01:29 2022
[2],Mon Dec  5 16:01:29 2022
[2],Mon Dec  5 16:01:29 2022
[1],Mon Dec  5 16:01:29 2022
[2],Mon Dec  5 16:01:30 2022
[2],Mon Dec  5 16:01:30 2022
[2],Mon Dec  5 16:01:30 2022
[2],Mon Dec  5 16:01:30 2022
[2],Mon Dec  5 16:01:30 2022
[1],Mon Dec  5 16:01:31 2022
[2],Mon Dec  5 16:01:31 2022
[1],Mon Dec  5 16:01:31 2022
[1],Mon Dec  5 16:01:31 2022
[2],Mon Dec  5 16:01:31 2022
[2],Mon Dec  5 16:01:31 2022
[1],Mon Dec  5 16:01:32 2022
[1],Mon Dec  5 16:01:32 2022
[1],Mon Dec  5 16:01:32 2022
[1],Mon Dec  5 16:01:32 2022
[2],Mon Dec  5 16:01:32 2022
[2],Mon Dec  5 16:01:33 2022
[2],Mon Dec  5 16:01:33 2022
[1],Mon Dec  5 16:01:33 2022
[2],Mon Dec  5 16:01:33 2022
[1],Mon Dec  5 16:01:33 2022
[2],Mon Dec  5 16:01:33 2022
[2],Mon Dec  5 16:01:34 2022
[2],Mon Dec  5 16:01:34 2022
[2],Mon Dec  5 16:01:34 2022
[1],Mon Dec  5 16:01:34 2022
[1],Mon Dec  5 16:01:34 2022
[2],Mon Dec  5 16:01:35 2022
[2],Mon Dec  5 16:01:35 2022
[2],Mon Dec  5 16:01:35 2022
[2],Mon Dec  5 16:01:35 2022
[1],Mon Dec  5 16:01:36 2022
[2],Mon Dec  5 16:01:36 2022
[1],Mon Dec  5 16:01:36 2022
[2],Mon Dec  5 16:01:36 2022
[1],Mon Dec  5 16:01:37 2022
[2],Mon Dec  5 16:01:37 2022
[1],Mon Dec  5 16:01:37 2022
[2],Mon Dec  5 16:01:37 2022
[2],Mon Dec  5 16:01:37 2022
[2],Mon Dec  5 16:01:37 2022
[2],Mon Dec  5 16:01:38 2022
[2],Mon Dec  5 16:01:38 2022
[1],Mon Dec  5 16:01:38 2022
[2],Mon Dec  5 16:01:38 2022
[1],Mon Dec  5 16:01:38 2022
[2],Mon Dec  5 16:01:39 2022
[2],Mon Dec  5 16:01:39 2022
[1],Mon Dec  5 16:01:39 2022
[2],Mon Dec  5 16:01:39 2022
[1],Mon Dec  5 16:01:39 2022
[1],Mon Dec  5 16:01:40 2022
[2],Mon Dec  5 16:01:40 2022
[2],Mon Dec  5 16:01:40 2022
[2],Mon Dec  5 16:01:40 2022
[2],Mon Dec  5 16:01:40 2022
[1],Mon Dec  5 16:01:40 2022
[2],Mon Dec  5 16:01:41 2022
[1],Mon Dec  5 16:01:41 2022
[2],Mon Dec  5 16:01:41 2022
[2],Mon Dec  5 16:01:41 2022
[2],Mon Dec  5 16:01:41 2022
[2],Mon Dec  5 16:01:42 2022
[2],Mon Dec  5 16:01:42 2022
[2],Mon Dec  5 16:01:42 2022
[2],Mon Dec  5 16:01:42 2022
[2],Mon Dec  5 16:01:42 2022
[2],Mon Dec  5 16:01:42 2022
[1],Mon Dec  5 16:01:43 2022
[1],Mon Dec  5 16:01:43 2022
[2],Mon Dec  5 16:01:43 2022
[1],Mon Dec  5 16:01:43 2022
[1],Mon Dec  5 16:01:43 2022
[1],Mon Dec  5 16:01:44 2022
[1],Mon Dec  5 16:01:44 2022
[2],Mon Dec  5 16:01:44 2022
[1],Mon Dec  5 16:01:44 2022
[1],Mon Dec  5 16:01:44 2022
[1],Mon Dec  5 16:01:45 2022
[1],Mon Dec  5 16:01:45 2022
[2],Mon Dec  5 16:01:45 2022
[2],Mon Dec  5 16:01:45 2022
[1],Mon Dec  5 16:01:45 2022
[1],Mon Dec  5 16:01:46 2022
[1],Mon Dec  5 16:01:46 2022
[1],Mon Dec  5 16:01:46 2022
[1],Mon Dec  5 16:01:46 2022
[1],Mon Dec  5 16:01:46 2022
[1],Mon Dec  5 16:01:47 2022
[2],Mon Dec  5 16:01:47 2022
[2],Mon Dec  5 16:01:47 2022
[1],Mon Dec  5 16:01:47 2022
[1],Mon Dec  5 16:01:47 2022
[1],Mon Dec  5 16:01:48 2022
[1],Mon Dec  5 16:01:48 2022
[1],Mon Dec  5 16:01:48 2022
[1],Mon Dec  5 16:01:48 2022
[2],Mon Dec  5 16:01:48 2022
[2],Mon Dec  5 16:01:48 2022
[1],Mon Dec  5 16:01:49 2022
[2],Mon Dec  5 16:01:49 2022
[2],Mon Dec  5 16:01:49 2022
[1],Mon Dec  5 16:01:50 2022
[2],Mon Dec  5 16:01:50 2022
[1],Mon Dec  5 16:01:50 2022
[2],Mon Dec  5 16:01:50 2022
[1],Mon Dec  5 16:01:50 2022
[1],Mon Dec  5 16:01:51 2022
[2],Mon Dec  5 16:01:51 2022
[2],Mon Dec  5 16:01:51 2022
[2],Mon Dec  5 16:01:51 2022
[1],Mon Dec  5 16:01:51 2022
[1],Mon Dec  5 16:01:52 2022
[2],Mon Dec  5 16:01:52 2022
[2],Mon Dec  5 16:01:52 2022
[1],Mon Dec  5 16:01:52 2022
[2],Mon Dec  5 16:01:53 2022
[2],Mon Dec  5 16:01:53 2022
[2],Mon Dec  5 16:17:00 2022
[2],Mon Dec  5 16:17:00 2022
[2],Mon Dec  5 16:17:01 2022
[2],Mon Dec  5 16:17:01 2022
[2],Mon Dec  5 16:17:01 2022
[2],Mon Dec  5 16:17:01 2022
[2],Mon Dec  5 16:17:01 2022
[2],Mon Dec  5 16:17:01 2022
[2],Mon Dec  5 16:17:01 2022
[2],Mon Dec  5 16:17:01 2022
[2],Mon Dec  5 16:17:02 2022
[2],Mon Dec  5 16:17:02 2022
[2],Mon Dec  5 16:17:02 2022
[2],Mon Dec  5 16:17:02 2022
[2],Mon Dec  5 16:17:02 2022
[2],Mon Dec  5 16:17:02 2022
[2],Mon Dec  5 16:17:03 2022
[2],Mon Dec  5 16:17:03 2022
[2],Mon Dec  5 16:17:03 2022
[2],Mon Dec  5 16:17:03 2022
[2],Mon Dec  5 16:17:05 2022
[2],Mon Dec  5 16:17:05 2022
[2],Mon Dec  5 16:17:05 2022
[2],Mon Dec  5 16:17:06 2022
[2],Mon Dec  5 16:17:06 2022
[2],Mon Dec  5 16:17:06 2022
[2],Mon Dec  5 16:17:06 2022
[2],Mon Dec  5 16:17:06 2022
[2],Mon Dec  5 16:17:06 2022
[2],Mon Dec  5 16:17:07 2022
[2],Mon Dec  5 16:17:07 2022
[2],Mon Dec  5 16:17:07 2022
[2],Mon Dec  5 16:17:07 2022
[2],Mon Dec  5 16:17:07 2022
[2],Mon Dec  5 16:17:07 2022
[2],Mon Dec  5 16:17:08 2022
[2],Mon Dec  5 16:17:08 2022
[2],Mon Dec  5 16:17:08 2022
[2],Mon Dec  5 16:17:08 2022
[2],Mon Dec  5 16:17:08 2022
[2],Mon Dec  5 16:17:08 2022
[2],Mon Dec  5 16:17:09 2022
[2],Mon Dec  5 16:17:09 2022
[2],Mon Dec  5 16:17:09 2022
[2],Mon Dec  5 16:17:09 2022
[2],Mon Dec  5 16:17:09 2022
[2],Mon Dec  5 16:17:10 2022
[2],Mon Dec  5 16:17:10 2022
[2],Mon Dec  5 16:17:10 2022
[2],Mon Dec  5 16:17:10 2022
[2],Mon Dec  5 16:17:10 2022
[2],Mon Dec  5 16:17:10 2022
[2],Mon Dec  5 16:17:11 2022
[2],Mon Dec  5 16:17:11 2022
[2],Mon Dec  5 16:17:11 2022
[2],Mon Dec  5 16:17:11 2022
[2],Mon Dec  5 16:17:11 2022
[2],Mon Dec  5 16:17:11 2022
[2],Mon Dec  5 16:17:12 2022
[2],Mon Dec  5 16:17:12 2022
[2],Mon Dec  5 16:17:12 2022
[2],Mon Dec  5 16:17:12 2022
[2],Mon Dec  5 16:17:12 2022
[2],Mon Dec  5 16:17:13 2022
[2],Mon Dec  5 16:17:13 2022
[2],Mon Dec  5 16:17:13 2022
[2],Mon Dec  5 16:17:13 2022
[2],Mon Dec  5 16:17:13 2022
[2],Mon Dec  5 16:17:13 2022
[2],Mon Dec  5 16:17:14 2022
[2],Mon Dec  5 16:17:14 2022
[2],Mon Dec  5 16:17:14 2022
[2],Mon Dec  5 16:17:14 2022
[2],Mon Dec  5 16:17:14 2022
[2],Mon Dec  5 16:17:14 2022
[2],Mon Dec  5 16:17:15 2022
[2],Mon Dec  5 16:17:15 2022
[2],Mon Dec  5 16:17:15 2022
[2],Mon Dec  5 16:17:15 2022
[2],Mon Dec  5 16:17:15 2022
[2],Mon Dec  5 16:17:15 2022
[2],Mon Dec  5 16:17:16 2022
[2],Mon Dec  5 16:17:16 2022
[2],Mon Dec  5 16:17:16 2022
[2],Mon Dec  5 16:17:16 2022
[2],Mon Dec  5 16:17:16 2022
[2],Mon Dec  5 16:17:16 2022
[2],Mon Dec  5 16:17:17 2022
[2],Mon Dec  5 16:17:17 2022
[2],Mon Dec  5 16:17:17 2022
[2],Mon Dec  5 16:17:17 2022
[2],Mon Dec  5 16:17:17 2022
[2],Mon Dec  5 16:17:17 2022
[2],Mon Dec  5 16:17:18 2022
[2],Mon Dec  5 16:17:18 2022
[2],Mon Dec  5 16:17:18 2022
[2],Mon Dec  5 16:17:18 2022
[2],Mon Dec  5 16:17:18 2022
[2],Mon Dec  5 16:17:19 2022
[2],Mon Dec  5 16:17:19 2022
[2],Mon Dec  5 16:17:19 2022
[2],Mon Dec  5 16:17:19 2022
[2],Mon Dec  5 16:17:19 2022
[2],Mon Dec  5 16:17:19 2022
[2],Mon Dec  5 16:17:20 2022
[2],Mon Dec  5 16:17:20 2022
[2],Mon Dec  5 16:17:20 2022
[2],Mon Dec  5 16:17:20 2022
[2],Mon Dec  5 16:17:20 2022
[2],Mon Dec  5 16:17:20 2022
[2],Mon Dec  5 16:17:21 2022
[2],Mon Dec  5 16:17:21 2022
[2],Mon Dec  5 16:17:21 2022
[2],Mon Dec  5 16:17:21 2022
[2],Mon Dec  5 16:17:21 2022
[2],Mon Dec  5 16:17:22 2022
[2],Mon Dec  5 16:17:22 2022
[2],Mon Dec  5 16:17:22 2022
[2],Mon Dec  5 16:17:22 2022
[2],Mon Dec  5 16:17:22 2022
[2],Mon Dec  5 16:17:22 2022
[2],Mon Dec  5 16:17:23 2022
[2],Mon Dec  5 16:17:23 2022
[2],Mon Dec  5 16:17:23 2022
[2],Mon Dec  5 16:17:23 2022
[2],Mon Dec  5 16:17:23 2022
[2],Mon Dec  5 16:17:23 2022
[2],Mon Dec  5 16:17:24 2022
[2],Mon Dec  5 16:17:24 2022
[2],Mon Dec  5 16:17:24 2022
[2],Mon Dec  5 16:17:24 2022
[2],Mon Dec  5 16:17:24 2022
[2],Mon Dec  5 16:17:25 2022
[2],Mon Dec  5 16:17:25 2022
[2],Mon Dec  5 16:17:25 2022
[2],Mon Dec  5 16:17:25 2022
[2],Mon Dec  5 16:17:25 2022
[2],Mon Dec  5 16:17:26 2022
[2],Mon Dec  5 16:17:26 2022
[2],Mon Dec  5 16:17:26 2022
[2],Mon Dec  5 16:17:26 2022
[2],Mon Dec  5 16:17:26 2022
[2],Mon Dec  5 16:17:27 2022
[2],Mon Dec  5 16:17:27 2022
[2],Mon Dec  5 16:17:27 2022
[2],Mon Dec  5 16:17:27 2022
[2],Mon Dec  5 16:17:27 2022
[2],Mon Dec  5 16:17:27 2022
[2],Mon Dec  5 16:17:28 2022
[2],Mon Dec  5 16:17:28 2022
[2],Mon Dec  5 16:17:28 2022
[2],Mon Dec  5 16:17:28 2022
[2],Mon Dec  5 16:17:28 2022
[2],Mon Dec  5 16:17:29 2022
[2],Mon Dec  5 16:17:29 2022
[2],Mon Dec  5 16:17:29 2022
[2],Mon Dec  5 16:17:29 2022
[2],Mon Dec  5 16:17:29 2022
[2],Mon Dec  5 16:17:29 2022
[2],Mon Dec  5 16:17:30 2022
[2],Mon Dec  5 16:17:30 2022
[2],Mon Dec  5 16:17:30 2022
[2],Mon Dec  5 16:17:30 2022
[2],Mon Dec  5 16:17:30 2022
[2],Mon Dec  5 16:17:30 2022
[2],Mon Dec  5 16:17:31 2022
[2],Mon Dec  5 16:17:31 2022
[2],Mon Dec  5 16:17:31 2022
[2],Mon Dec  5 16:17:31 2022
[2],Mon Dec  5 16:17:31 2022
[2],Mon Dec  5 16:17:31 2022
[2],Mon Dec  5 16:17:32 2022
[2],Mon Dec  5 16:17:32 2022
[2],Mon Dec  5 16:17:32 2022
[2],Mon Dec  5 16:17:32 2022
[2],Mon Dec  5 16:17:32 2022
[2],Mon Dec  5 16:17:33 2022
[2],Mon Dec  5 16:17:33 2022
[2],Mon Dec  5 16:17:33 2022
[2],Mon Dec  5 16:17:33 2022
[2],Mon Dec  5 16:17:33 2022
[2],Mon Dec  5 16:17:33 2022
[2],Mon Dec  5 16:17:34 2022
[2],Mon Dec  5 16:17:34 2022
[2],Mon Dec  5 16:17:34 2022
[2],Mon Dec  5 16:17:34 2022
[2],Mon Dec  5 16:17:34 2022
[2],Mon Dec  5 16:17:35 2022
[2],Mon Dec  5 16:17:35 2022
[2],Mon Dec  5 16:17:35 2022
[2],Mon Dec  5 16:17:35 2022
[2],Mon Dec  5 16:17:35 2022
[2],Mon Dec  5 16:17:36 2022
[2],Mon Dec  5 16:17:36 2022
[2],Mon Dec  5 16:17:36 2022
[2],Mon Dec  5 16:17:36 2022
[2],Mon Dec  5 16:17:36 2022
[2],Mon Dec  5 16:17:36 2022
[2],Mon Dec  5 16:17:37 2022
[2],Mon Dec  5 16:17:37 2022
[2],Mon Dec  5 16:17:37 2022
[2],Mon Dec  5 16:17:37 2022
[2],Mon Dec  5 16:17:37 2022
[2],Mon Dec  5 16:17:38 2022
[2],Mon Dec  5 16:17:38 2022
[2],Mon Dec  5 16:17:38 2022
[2],Mon Dec  5 16:17:38 2022
[2],Mon Dec  5 16:17:38 2022
[2],Mon Dec  5 16:17:39 2022
[2],Mon Dec  5 16:17:39 2022
[2],Mon Dec  5 16:17:39 2022
[2],Mon Dec  5 16:17:39 2022
[2],Mon Dec  5 16:17:39 2022
[2],Mon Dec  5 16:17:40 2022
[2],Mon Dec  5 16:17:40 2022
[2],Mon Dec  5 16:17:40 2022
[2],Mon Dec  5 16:17:40 2022
[2],Mon Dec  5 16:17:40 2022
[2],Mon Dec  5 16:17:40 2022
[2],Mon Dec  5 16:17:41 2022
[2],Mon Dec  5 16:17:41 2022
[2],Mon Dec  5 16:17:41 2022
[2],Mon Dec  5 16:17:41 2022
[2],Mon Dec  5 16:17:41 2022
[2],Mon Dec  5 16:17:41 2022
[2],Mon Dec  5 16:17:42 2022
[2],Mon Dec  5 16:17:42 2022
[2],Mon Dec  5 16:17:42 2022
[2],Mon Dec  5 16:17:42 2022
[2],Mon Dec  5 16:17:42 2022
[2],Mon Dec  5 16:17:43 2022
[2],Mon Dec  5 16:17:43 2022
[2],Mon Dec  5 16:17:43 2022
[2],Mon Dec  5 16:17:43 2022
[2],Mon Dec  5 16:17:43 2022
[2],Mon Dec  5 16:17:43 2022
[2],Mon Dec  5 16:17:44 2022
[2],Mon Dec  5 16:17:44 2022
[2],Mon Dec  5 16:17:44 2022
[2],Mon Dec  5 16:17:44 2022
[2],Mon Dec  5 16:18:05 2022
[2],Mon Dec  5 16:18:05 2022
[2],Mon Dec  5 16:18:05 2022
[2],Mon Dec  5 16:18:05 2022
[2],Mon Dec  5 16:18:05 2022
[2],Mon Dec  5 16:18:06 2022
[2],Mon Dec  5 16:18:06 2022
[2],Mon Dec  5 16:18:06 2022
[2],Mon Dec  5 16:18:06 2022
[2],Mon Dec  5 16:18:06 2022
[2],Mon Dec  5 16:18:06 2022
[2],Mon Dec  5 16:18:06 2022
[2],Mon Dec  5 16:18:07 2022
[2],Mon Dec  5 16:18:07 2022
[2],Mon Dec  5 16:18:07 2022
[2],Mon Dec  5 16:18:07 2022
[2],Mon Dec  5 16:18:07 2022
[2],Mon Dec  5 16:18:07 2022
[2],Mon Dec  5 16:18:08 2022
[2],Mon Dec  5 16:18:08 2022
[2],Mon Dec  5 16:18:08 2022
[2],Mon Dec  5 16:18:08 2022
[2],Mon Dec  5 16:18:08 2022
[2],Mon Dec  5 16:18:08 2022
[2],Mon Dec  5 16:18:09 2022
[2],Mon Dec  5 16:18:09 2022
[2],Mon Dec  5 16:18:09 2022
[2],Mon Dec  5 16:18:09 2022
[2],Mon Dec  5 16:18:09 2022
[2],Mon Dec  5 16:18:10 2022
[2],Mon Dec  5 16:18:10 2022
[2],Mon Dec  5 16:18:10 2022
[2],Mon Dec  5 16:18:10 2022
[2],Mon Dec  5 16:18:10 2022
[2],Mon Dec  5 16:18:10 2022
[2],Mon Dec  5 16:18:11 2022
[2],Mon Dec  5 16:18:11 2022
[2],Mon Dec  5 16:18:11 2022
[2],Mon Dec  5 16:18:11 2022
[2],Mon Dec  5 16:18:11 2022
[2],Mon Dec  5 16:18:11 2022
[2],Mon Dec  5 16:18:12 2022
[2],Mon Dec  5 16:18:12 2022
[2],Mon Dec  5 16:18:12 2022
[2],Mon Dec  5 16:18:12 2022
[2],Mon Dec  5 16:18:12 2022
[2],Mon Dec  5 16:18:13 2022
[2],Mon Dec  5 16:18:13 2022
[2],Mon Dec  5 16:18:13 2022
[2],Mon Dec  5 16:18:13 2022
[2],Mon Dec  5 16:18:13 2022
[2],Mon Dec  5 16:18:13 2022
[2],Mon Dec  5 16:18:14 2022
[2],Mon Dec  5 16:18:14 2022
[2],Mon Dec  5 16:18:14 2022
[2],Mon Dec  5 16:18:14 2022
[2],Mon Dec  5 16:18:14 2022
[2],Mon Dec  5 16:18:14 2022
[2],Mon Dec  5 16:18:15 2022
[2],Mon Dec  5 16:18:15 2022
[2],Mon Dec  5 16:18:15 2022
[2],Mon Dec  5 16:18:15 2022
[2],Mon Dec  5 16:18:15 2022
[4],Mon Dec  5 16:18:16 2022
[4],Mon Dec  5 16:18:16 2022
[4],Mon Dec  5 16:18:16 2022
[4],Mon Dec  5 16:18:16 2022
[4],Mon Dec  5 16:18:16 2022
[4],Mon Dec  5 16:18:16 2022
[4],Mon Dec  5 16:18:17 2022
[4],Mon Dec  5 16:18:17 2022
[4],Mon Dec  5 16:18:17 2022
[6],Mon Dec  5 16:18:17 2022
[6],Mon Dec  5 16:18:17 2022
[6],Mon Dec  5 16:18:18 2022
[6],Mon Dec  5 16:18:18 2022
[6],Mon Dec  5 16:18:18 2022
[6],Mon Dec  5 16:18:18 2022
[15],Mon Dec  5 16:18:18 2022
[15],Mon Dec  5 16:18:18 2022
[15],Mon Dec  5 16:18:19 2022
[2],Mon Dec  5 16:18:19 2022
[2],Mon Dec  5 16:18:19 2022
[2],Mon Dec  5 16:18:19 2022
[2],Mon Dec  5 16:18:19 2022
[2],Mon Dec  5 16:18:19 2022
[2],Mon Dec  5 16:18:20 2022
[2],Mon Dec  5 16:18:20 2022
[2],Mon Dec  5 16:18:20 2022
[2],Mon Dec  5 16:18:20 2022
[2],Mon Dec  5 16:18:20 2022
[2],Mon Dec  5 16:18:20 2022
[2],Mon Dec  5 16:18:21 2022
[2],Mon Dec  5 16:18:21 2022
[2],Mon Dec  5 16:18:21 2022
[2],Mon Dec  5 16:18:21 2022
[2],Mon Dec  5 16:18:21 2022
[2],Mon Dec  5 16:18:21 2022
[2],Mon Dec  5 16:18:22 2022
[2],Mon Dec  5 16:18:22 2022
[2],Mon Dec  5 16:18:22 2022
[2],Mon Dec  5 16:18:22 2022
[2],Mon Dec  5 16:18:22 2022
[2],Mon Dec  5 16:18:23 2022
[2],Mon Dec  5 16:18:23 2022
[1],Mon Dec  5 16:18:23 2022
[1],Mon Dec  5 16:18:23 2022
[1],Mon Dec  5 16:18:23 2022
[1],Mon Dec  5 16:18:23 2022
[1],Mon Dec  5 16:18:24 2022
[1],Mon Dec  5 16:18:24 2022
[1],Mon Dec  5 16:18:24 2022
[1],Mon Dec  5 16:18:24 2022
[1],Mon Dec  5 16:18:24 2022
[1],Mon Dec  5 16:18:24 2022
